,Text,Label
0,daron tlm big quan bat daronne proc stack d hourthsteel batar,HATE_SPEECH
1,daron tlm big quan bat daronne proc stack d heuresteel batar,HATE_SPEECH
2,Tous les taffis tirés tous ont enlevé l'ordre tous passés à grande cunt d hanouna autre point co,HATE_SPEECH
3,Tous les tabois ont tiré tous ont enlevé l'ordre tous passés à grande chatte d hanouna autre point co,HATE_SPEECH
4,T a un gros ventre,HATE_SPEECH
5,T a un gros ventre,HATE_SPEECH
6,"Les États membres sont tenus d'appliquer les dispositions de l'article 1er, paragraphe 1, du règlement (UE) no 1308/2013 du Parlement européen et du Conseil en ce qui concerne l'application de l'article 1er, paragraphe 2, du règlement (UE) no 1308/2013.",HATE_SPEECH
7,"Les États membres appliquent les dispositions de l'article 1er, paragraphe 1, du règlement (UE) no 1308/2013 du Parlement européen et du Conseil en ce qui concerne l'application de l'article 1er, paragraphe 2, du règlement (UE) no 1308/2013.",HATE_SPEECH
8,gros bouffon,HATE_SPEECH
9,gros bouffon,HATE_SPEECH
10,Tous les joueurs nés france puis garder de gros commentaires de votre merde,HATE_SPEECH
11,Tous les joueurs nés france puis garder de grandes critiques de votre merde,HATE_SPEECH
12,i24 journalo grand média lèche bonbons pour être activiste contre l'apartheid fait,HATE_SPEECH
13,i24 journal grands médias lèche bonbons pour être activiste contre l'apartheid fait,HATE_SPEECH
14,RT veut buzz donne qu'elle veut qu'il est très bon qu'elle est folle g,HATE_SPEECH
15,RT veut buzz donne qu'elle veut que ce soit très bon qu'elle soit folle g,HATE_SPEECH
16,plus pesy l'histoire est qu'il a mis tout l'argent france il est écrit,HATE_SPEECH
17,plus de pesy l'histoire est qu'il a mis tout l'argent france il est écrit,HATE_SPEECH
18,rt 3ème étoile rien baise les gros suceurs argentins,HATE_SPEECH
19,rt 3ème étoile baise rien les gros suceurs argentins,HATE_SPEECH
20,n'a jamais vu la pauvreté voir ce,HATE_SPEECH
21,n'a jamais vu la pauvreté voir que,HATE_SPEECH
22,ptdrrr pas le temps dit c e mauvaise idée t e renoi e muslim pry,HATE_SPEECH
23,ptdrrr pas le temps dit c e mauvaise idée renoi e muslim pry,HATE_SPEECH
24,L'islamo gauchisme,HATE_SPEECH
25,Islamo Gauchisme,HATE_SPEECH
26,Ça doit être une putain de fils de pute d'avoir porté un maillot que l'Edf dit quelque chose comme ça,HATE_SPEECH
27,Ce doit être un fils de pute pour avoir porté un maillot que Edf dit quelque chose comme ça.,HATE_SPEECH
28,Arrête d'inciter les paris sportifs bande fils pute,HATE_SPEECH
29,Arrête d'inciter les paris sportifs bande fils pute,HATE_SPEECH
30,"Retourne au groupe de booty, laisse-le tranquille quand tu joues.",HATE_SPEECH
31,"Retourne au groupe, laisse-le tranquille quand tu joues.",HATE_SPEECH
32,"Ça va être mort, putain de grand fils.",HATE_SPEECH
33,"Ça va être mort, putain de grand fils.",HATE_SPEECH
34,rt j am attached t e renoi t e Musulman pry préfère à dealer pitié gère la musique nous,HATE_SPEECH
35,rt j am attached t e renoi t e Musulman pry préfère à dealer pitié gère la musique nous,HATE_SPEECH
36,s'il était un migrant clandestin s a été appelé djibril logé chà teau merci france ðÿ ðÿ ðÿ,HATE_SPEECH
37,"s'il était un migrant clandestin, il a été appelé djibril logé chà teau merci france ðÿ ðÿ ðÿ",HATE_SPEECH
38,rt 3ème étoile rien baise les gros suceurs argentins,HATE_SPEECH
39,rt 3ème étoile baise rien les gros suceurs argentins,HATE_SPEECH
40,rt 3ème étoile rien baise les gros suceurs argentins,HATE_SPEECH
41,rt 3ème étoile baise rien les gros suceurs argentins,HATE_SPEECH
42,doit rire de couple fausse pute pà dale l ukraine voir stupide chattes en europe,HATE_SPEECH
43,doit rire de couple fausse pute pà Dale l ukraine voir stupide chatte en europe,HATE_SPEECH
44,travail edenred offres 4 d augmentation de salaire est vraiment grand rat,HATE_SPEECH
45,travail edenred offres 4 d augmentation de salaire est vraiment grand rat,HATE_SPEECH
46,Si la vengeance renoi va faire pleurer la salope c'est ce qu'ils font des femmes dures q,HATE_SPEECH
47,Si Renegade va faire pleurer la salope c'est ce qu'ils font aux femmes dures q,HATE_SPEECH
48,que d'être un footballeur cet endroit stupide se plaignant,HATE_SPEECH
49,qu'être un footballeur cet endroit stupide se plaint,HATE_SPEECH
50,rt 3ème étoile rien baise les gros suceurs argentins,HATE_SPEECH
51,rt 3ème étoile baise rien les gros suceurs argentins,HATE_SPEECH
52,Combien il faut de teeete l'heure être réel l l heure être réel oh g envie fils pute,HATE_SPEECH
53,Combien il faut de temps pour être réel pour être réel oh g envie fils pute,HATE_SPEECH
54,doit être bon grand segpa faire que mdr,HATE_SPEECH
55,doit être bon grand segpa faire que mdr,HATE_SPEECH
56,rt j am attached t e renoi t e Musulman pry préfère à dealer pitié gère la musique nous,HATE_SPEECH
57,rt j am attached t e renoi t e Musulman pry préfère à dealer pitié gère la musique nous,HATE_SPEECH
58,si aller antillas fera pute de fils de avc,HATE_SPEECH
59,si aller à l'antillas vous fera fils de pute,HATE_SPEECH
60,trouvé l'original à ressembler à un gros faux ce dit comparé nazi bien à lea salamé,HATE_SPEECH
61,trouvé l'original à ressembler à un gros faux qui a dit comparé nazi bien à lea salamé,HATE_SPEECH
62,Rt sait très bien cuit c'est un grand nombre de menteurs arrêter grand mensonge Yousra Lkh juste dedans.,HATE_SPEECH
63,Rt sait très bien cuit il est un grand nombre de menteurs arrêter grand mensonge Yousra Lkh juste dedans.,HATE_SPEECH
64,rt devenir un migrant dans l'État ðÿ œ vous pouvez vivre chà teau ðÿ 1,HATE_SPEECH
65,pour devenir un migrant dans l'état ðÿ o vous pouvez vivre ðÿ 1,HATE_SPEECH
66,fils pute,HATE_SPEECH
67,fils pute,HATE_SPEECH
68,fervent écologiste tour veste breveté tàate a claqué absolu faux intégrale cul big u,HATE_SPEECH
69,fervent écologiste tour breveté veste tàate a claqué absolu faux intégrale cul big u,HATE_SPEECH
70,Sued comme gros porc c est gros pedo,HATE_SPEECH
71,Sued comme gros porc c est gros pedo,HATE_SPEECH
72,rt à gros gras malade vraiment je ressens une haine profonde contre tous les gen veulent améliorer si,HATE_SPEECH
73,rt à gros gras malade vraiment je ressens une haine profonde contre tous les gens veulent améliorer si,HATE_SPEECH
74,rt 3ème étoile rien baise les gros suceurs argentins,HATE_SPEECH
75,rt 3ème étoile baise rien les gros suceurs argentins,HATE_SPEECH
76,stan grp dla honte tsais poussin passe skz plus grande flop dla terre,HATE_SPEECH
77,stan grp dla honte tsais poussin passe skz plus grande flop dla terre,HATE_SPEECH
78,rt 3ème étoile rien baise les gros suceurs argentins,HATE_SPEECH
79,rt 3ème étoile baise rien les gros suceurs argentins,HATE_SPEECH
80,Fils de pute parce qu'on va perdre,HATE_SPEECH
81,Fils de pute parce qu'on va perdre,HATE_SPEECH
82,Pitoyable rt toujours ne fait pas pas tard adolescent excité comme 1 enfant pr pied fr meurt ne fait rien à ce sujet,HATE_SPEECH
83,pitoyable rt toujours ne rend pas tard adolescent excité comme 1 enfant avant pied fr meurt ne fait rien à ce sujet,HATE_SPEECH
84,pas si prendre soin de tirer gros orteil ptit faire,HATE_SPEECH
85,pas si prendre soin de tirer gros orteil ptit faire,HATE_SPEECH
86,104 match 2 mois sale gros puant,HATE_SPEECH
87,104 match 2 mois sale gros puant,HATE_SPEECH
88,toujours stupide regarder des vidéos fausses nouvelles complote vous,HATE_SPEECH
89,Toujours stupide regarder de fausses vidéos de nouvelles vous comploter,HATE_SPEECH
90,C'est une grosse fille.,HATE_SPEECH
91,C'est une grande fille.,HATE_SPEECH
92,fétichiste ptn totalement retardé gen betes cette planète,HATE_SPEECH
93,Le fétichiste ptn totalement retardé gen parie cette planète,HATE_SPEECH
94,Gros fils pute va,HATE_SPEECH
95,Gros fils pute va,HATE_SPEECH
96,Tous les taffis tirés tous ont enlevé l'ordre tous passés à grande cunt d hanouna autre point co,HATE_SPEECH
97,Tous les tabois ont tiré tous ont enlevé l'ordre tous passés à grande chatte d hanouna autre point co,HATE_SPEECH
98,"Va te faire foutre, fils de pute.",HATE_SPEECH
99,"Va te faire foutre, fils de pute.",HATE_SPEECH
100,Pourquoi l'université envoie-t-elle des e-mails delestages fils pute,HATE_SPEECH
101,Pourquoi l'université envoie-t-elle des e-mails au fils sans sexe pute,HATE_SPEECH
102,La garce sinistre ferait mieux d'aller le faire.,HATE_SPEECH
103,La garce sinistre ferait mieux d'aller le faire.,HATE_SPEECH
104,schlasser do fdp migrant,HATE_SPEECH
105,schlasser do fdp migrant,HATE_SPEECH
106,Rt métro bondé quelqu'un avait grandi gen est entré la masse là-bas comme sincresse alors,HATE_SPEECH
107,Rt métro bondé quelqu'un avait grandi gen est entré dans la masse là-bas comme un sinistre alors,HATE_SPEECH
108,rt jme do spam d invite xbox quand je suis à la hauteur pour battre record gang grands fils putes,HATE_SPEECH
109,rt jme do spam d invite xbox quand je suis à la hauteur pour battre record gang grands fils putes,HATE_SPEECH
110,rt devenir un migrant dans l'État ðÿ œ vous pouvez vivre chà teau ðÿ 1,HATE_SPEECH
111,pour devenir un migrant dans l'état ðÿ o vous pouvez vivre ðÿ 1,HATE_SPEECH
112,Donc tu vas devoir les sortir de leur haine pour ne pas dire la vérité.,HATE_SPEECH
113,Donc tu vas devoir les sortir de leur haine pour ne pas dire la vérité.,HATE_SPEECH
114,cette fierté fils pute prête J'espère qu'un voyage savouré en enfer,HATE_SPEECH
115,J'espère qu'il ira en enfer.,HATE_SPEECH
116,"Ouais, c'est un grand raciste aussi.",HATE_SPEECH
117,"Oui, c'est un grand raciste aussi.",HATE_SPEECH
118,Karim benzema énorme fils pute,HATE_SPEECH
119,Karim benzema énorme fils pute,HATE_SPEECH
120,bonne journée finale tous les strip-teaseurs l'Argentina avec de gros suceurs veulent même entendre après tripling kyks,HATE_SPEECH
121,bonne dernière journée tous les strip-teaseurs l'Argentine avec de gros suceurs même veulent entendre après tripling kyks,HATE_SPEECH
122,Espèce d'enfoiré!,HATE_SPEECH
123,Fils de pute!,HATE_SPEECH
124,Niquez mère sait conduire encore sale fils pute que frotter voiture,HATE_SPEECH
125,Niquez mère sait conduire encore sale fils pute cette voiture de frottement,HATE_SPEECH
126,"Cet après-midi, les plus grandes ventes d'Argentine cette année sont mondiales.",HATE_SPEECH
127,"Cet après-midi, les plus grandes ventes d'Argentine cette année sont mondiales.",HATE_SPEECH
128,"Va te faire foutre, mère, vieille pute mentale, crois Batman.",HATE_SPEECH
129,"Va te faire foutre, mère, vieille salope mentale, crois Batman.",HATE_SPEECH
130,maes c est plus grand comportement de rappeur brillant tellement devenir humiliable,HATE_SPEECH
131,maes c est plus grand comportement de rappeur brillant donc devenir humiliable,HATE_SPEECH
132,c est bon orteil gros chatte fdps aurait déjà sorti l'anglet,HATE_SPEECH
133,C'est un bon gros orteil de chatte fdps aurait déjà sorti l'anglet,HATE_SPEECH
134,là-bas ma chère salope h24 c e,HATE_SPEECH
135,là-bas ma chère salope h24 c e,HATE_SPEECH
136,rt l string gros plan l'énorme lustre allumé sobriété journée entière il fonctionne qui a vidé,HATE_SPEECH
137,rt l thong gros plan l'énorme lustre illuminé sobriety toute la journée il fonctionne qui a vidé,HATE_SPEECH
138,La violence domestique c est les victimes malades parlent l'homme grève la victime parle la société,HATE_SPEECH
139,La violence domestique est des victimes malades parlent l'homme grève victime parle la société,HATE_SPEECH
140,oui fils sale pute vivra la Chine si heureux,HATE_SPEECH
141,Oui fils de pute vivra la Chine si heureuse,HATE_SPEECH
142,"D'abord, c'est une mère enceinte qu'elle ne pouvait pas éduquer ou apprendre à comprendre.",HATE_SPEECH
143,"Premièrement, elle était une mère enceinte qu'elle ne pouvait éduquer ni apprendre à comprendre.",HATE_SPEECH
144,T'es un gros fils de pute qui parle.,HATE_SPEECH
145,Tu es un gros fils de pute qui parle.,HATE_SPEECH
146,La troisième fois rage folle que j'insultais garçon voulait battre même déplacé ou même repoussé gras là ches,HATE_SPEECH
147,La troisième rage folle que j'ai insulté garçon voulait battre même déplacée ou même repoussée gras là ches,HATE_SPEECH
148,Rho ferme ta bouche qui te sonne salope,HATE_SPEECH
149,Rho ferme ta bouche qui te sonne salope,HATE_SPEECH
150,impossible eiko grand pedo kiffe,HATE_SPEECH
151,impossible eiko grand pedo kiffe,HATE_SPEECH
152,Je veux gifler comme je déteste la base il l'aimait là-bas je ne peux pas faire trop de pain,HATE_SPEECH
153,Je veux gifler comme je déteste la base qu'il aimait là-bas je ne peux pas faire trop de pain,HATE_SPEECH
154,rt jeux plus toxiques harcèlement haineux chez les jeunes 10 17 ans 1 valeur 2 dota 2 3 fortnite deu,HATE_SPEECH
155,rt jeux plus toxiques harcèlement haineux chez les jeunes 10 17 ans 1 valeur 2 dota 2 3 fortnite deu,HATE_SPEECH
156,Wonder patate big hold restaurant votre mère preshot trop ðÿ,HATE_SPEECH
157,Wonder patate big hold restaurant votre mère preshot trop ðÿ,HATE_SPEECH
158,Un gros bum a fait que la première fois qu'on a vu des renforts s'en est sorti.,HATE_SPEECH
159,Un gros bum a fait passer la première fois que nous avons vu des renforts.,HATE_SPEECH
160,Stupide professeur ivre,HATE_SPEECH
161,Stupide professeur ivre,HATE_SPEECH
162,si grand que ceux qui approuvent l'idéologie ont réveillé des connards bel esprit,HATE_SPEECH
163,si grand que ceux qui approuvent l'idéologie ont réveillé des connards gentils,HATE_SPEECH
164,mddr quand il a dit neil armstrong s est posé lune c était le visage caché grand fils de chienne front,HATE_SPEECH
165,mddr quand il a dit neil armstrong s est posé lune c'était le visage caché grand fils de chien front,HATE_SPEECH
166,rt c est devenu de gros suceurs de bites je rage trop tellement fan pupette juste fou mentalement y u,HATE_SPEECH
167,rt c est devenu gros suceurs de bites je rage trop fan pupette juste fou mentalement y u,HATE_SPEECH
168,Oui fils pute,HATE_SPEECH
169,Oui fils de pute,HATE_SPEECH
170,Et puis ils se plaignent les gars là-bas gros caros,HATE_SPEECH
171,Et puis ils se plaignent des gars là-bas gros caros,HATE_SPEECH
172,Gros porc bogoss ooeï,HATE_SPEECH
173,Gros porc bogoss ooei,HATE_SPEECH
174,rt besoin femme appelle petit nom geenre fils pute,HATE_SPEECH
175,rt besoin femme appelle petit nom geenre fils pute,HATE_SPEECH
176,Stupide sergent,HATE_SPEECH
177,Stupide sergent,HATE_SPEECH
178,gratuit t e bon grand fdp,HATE_SPEECH
179,gratuit t e good big fdp,HATE_SPEECH
180,T e vraiment stupide relis propre tweet sale idiot,HATE_SPEECH
181,T e vraiment stupide relis propre tweet sale idiot,HATE_SPEECH
182,la raison pour laquelle arrêter de dorloter fils putain messi c'est,HATE_SPEECH
183,la raison pour laquelle arrêter de dorloter son putain de messi c'est,HATE_SPEECH
184,d être un grand fou mentalement fou sujet au panarabisme,HATE_SPEECH
185,être un grand sujet de folie mentale au panarabisme,HATE_SPEECH
186,suce trop si étrange sinon si dit tra,HATE_SPEECH
187,c'est trop étrange sinon si ça dit tra,HATE_SPEECH
188,"Gros, super-malware baises",HATE_SPEECH
189,"Gros, super-malware baises",HATE_SPEECH
190,Nique mère a dit qu'elle revenait pour croire qu'elle avait attendu et qu'elle devait déjà s'arrêter.,HATE_SPEECH
191,Une bonne mère a dit qu'elle était revenue pour croire qu'elle avait attendu et qu'elle devait déjà s'arrêter.,HATE_SPEECH
192,Tais-toi putain de pute idolâtre laid,HATE_SPEECH
193,"Ferme ta gueule, sale pute d'idolâtre.",HATE_SPEECH
194,sérieux c'est bien de poster que 24h d'une grosse finale fdp de CDm,HATE_SPEECH
195,sérieux il est bon de poster que 24h d'un gros CDm fdp final,HATE_SPEECH
196,a encore 10 ans extrêmement peu d'indécence de collectionneur de plus de 150 quand faire c,HATE_SPEECH
197,a encore 10 ans extrêmement peu d'infidélité de collectionneur de plus de 150 lorsqu'il fait c,HATE_SPEECH
198,Quel fils de pute va foutre en l'air,HATE_SPEECH
199,Quel fils de pute va foutre en l'air.,HATE_SPEECH
200,Rt toujours bon de se rappeler que Gen a frappé leurs animaux gros fils putes,HATE_SPEECH
201,Toujours bon de se rappeler que Gen a frappé leurs grosses putes,HATE_SPEECH
202,Allons vomir cette satanée sandrine.,HATE_SPEECH
203,Allons vomir cette foutue sandrine.,HATE_SPEECH
204,"Oui, gros trou du cul.",HATE_SPEECH
205,"Ouais, gros trou du cul.",HATE_SPEECH
206,fils sale pute parle bien chui shab ptit bâtard,HATE_SPEECH
207,fils pute sale parle bien chui shab ptit bâtard,HATE_SPEECH
208,les mouchoirs pour meurtre de pute,HATE_SPEECH
209,Mouchoirs pour meurtre de pute,HATE_SPEECH
210,devient fan attaque benzema après une nouvelle publication devient stupide,HATE_SPEECH
211,devient fan attaque benzema après une nouvelle publication devient stupide,HATE_SPEECH
212,il veut quel grand fdp ðÿ ðÿ 1⁄2 ï ðÿ ðÿ 1⁄2 ï ðÿ ðÿ 1⁄2 ï ðÿ ðÿ ðÿ ðÿ 1⁄2 ï,HATE_SPEECH
213,il veut ce que fdp ðÿ ðÿ 1⁄2 ï ðÿ ðÿ 1⁄2 ï ðÿ ðÿ 1⁄2 ï ðÿ ðÿ ðÿ ðÿ ðÿ ðÿ ðÿ 1⁄2 ï,HATE_SPEECH
214,fils pute mange chibres c est écrit donnant avis J'écoute plus da,HATE_SPEECH
215,fils pute mange chibres c est écrit donner la critique j'écoute plus da,HATE_SPEECH
216,Donc c'est plus hors de question d'être une chatte.,HATE_SPEECH
217,Donc c'est plus hors de la question d'être une chatte.,HATE_SPEECH
218,On sait que tout le monde sait qu'il y a un morceau de fils de pute.,HATE_SPEECH
219,On sait que tout le monde sait qu'il y a un fils de pute.,HATE_SPEECH
220,Denise putain buffle vendu ventre Islam vous,HATE_SPEECH
221,Denise putain de buffle vendu ventre Islam vous,HATE_SPEECH
222,Juste des gros laits fdp de footix,HATE_SPEECH
223,Juste de gros laits fdp de footballix,HATE_SPEECH
224,Gen les font vouloir gros bouffon pour embaucher n veulent supporter pauvre retardé,HATE_SPEECH
225,Gen les font vouloir gros bouffon d'embaucher n veulent endurer pauvre retardé,HATE_SPEECH
226,J'espère bien mourir lente mort douloureuse bande de grands fils,HATE_SPEECH
227,J'espère mourir lent et douloureux gang de grands fils.,HATE_SPEECH
228,rt corse catin presse française ensemble devenir maquereau putain macron payé,HATE_SPEECH
229,rt corse catin presse française ensemble devenir maquereau putain macron payé,HATE_SPEECH
230,push ball argentin avant qu'il soit physique n'importe quel idiot qi a vu,HATE_SPEECH
231,Boule de poussée argentine avant qu'il ne soit physique n'importe quel idiot qi vu,HATE_SPEECH
232,vasy après le grand jeu de refroidissement,HATE_SPEECH
233,vasy après le grand jeu de refroidissement,HATE_SPEECH
234,grand Fdp avec délimitation géographique,HATE_SPEECH
235,Grand Fdp avec délimitation géographique,HATE_SPEECH
236,des bûcherons misérables ont acheté de gros prix vil plus exactement,HATE_SPEECH
237,des bûcherons misérables ont acheté les gros prix vil plus précisément,HATE_SPEECH
238,grand ðÿ,HATE_SPEECH
239,grand ðÿ,HATE_SPEECH
240,C'est cette salope.,HATE_SPEECH
241,C'est cette salope.,HATE_SPEECH
242,chanter prier pa big ntm sale pvte,HATE_SPEECH
243,chanter prier pa big ntm sale pvte,HATE_SPEECH
244,"Gros con, c'est parce qu'il fait froid les oreilles de la bouche.",HATE_SPEECH
245,"Grosse bite, c'est parce que les oreilles de la bouche sont froides.",HATE_SPEECH
246,Nique t à mère pute sale,HATE_SPEECH
247,La sale pute de mère.,HATE_SPEECH
248,c grande sale fait ðÿ,HATE_SPEECH
249,c grande sale fait ðÿ,HATE_SPEECH
250,buffon espèces devraient déjà préserver les espèces de paye blaireau à la place détruire grand guignol,HATE_SPEECH
251,les espèces de buffons devraient déjà préserver les espèces de blaireaux à la place détruire le grand guignol,HATE_SPEECH
252,bâtards passants qui encouragent,HATE_SPEECH
253,bâtards de passants qui encouragent,HATE_SPEECH
254,réel reflet pk sneaker addict plus pour être poilu consonant comme de genre gar ok av,HATE_SPEECH
255,réel reflet pk sneaker addict plus pour être poilu consonne comme genre de gar ok av,HATE_SPEECH
256,toujours grand trou du cul artiste dévoile,HATE_SPEECH
257,toujours grand trou du cul artiste dévoile,HATE_SPEECH
258,de vrais pareds de fils de pute,HATE_SPEECH
259,"Le vrai fils de pute, c'est des paris.",HATE_SPEECH
260,trouve tout utra conne équivalent d'ultra gà cho eelv toujours tweet alors,HATE_SPEECH
261,trouver n'importe quel utra conne équivalent d'ultra gà cho eelv toujours tweet alors,HATE_SPEECH
262,même dit de libérer gros f boateng,HATE_SPEECH
263,même dit de libérer gros f boateng,HATE_SPEECH
264,pas grand hashtag maudit,HATE_SPEECH
265,pas grand hashtag maudit,HATE_SPEECH
266,rt jfhehsusnev son putain sortie projet année 2021 2022,HATE_SPEECH
267,rt jfhehsusnev son putain de projet de sortie année 2021 2022,HATE_SPEECH
268,ðÿ ðÿ ðÿ ðÿ ðÿ ðÿ ðÿ ðÿ ðÿ ðÿ ðÿ ðÿ ðÿ ðÿ ðÿ ðÿ,HATE_SPEECH
269,ðÿ ðÿ ðÿ ðÿ ðÿ ðÿ ðÿ ðÿ ðÿ ðÿ ðÿ ðÿ ðÿ ðÿ ðÿ ðÿ ðÿ ðÿ ðÿ,HATE_SPEECH
270,Rt complètement stupide grand 2023 pour avoir genre de discours voir nombre femmes r,HATE_SPEECH
271,Rt complètement stupide grand 2023 d'avoir genre de discours voir nombre femmes r,HATE_SPEECH
272,hétéro-blanc bourgeois gauche,HATE_SPEECH
273,gauche bourgeois hétéro-blanc,HATE_SPEECH
274,rt macron c est la peste du choléra depuis qu'il a volé pour ruiner le riet france va plus paris invasion,HATE_SPEECH
275,rt macron c est la peste du choléra puisqu'il a volé pour ruiner riet france pariera plus d'invasion,HATE_SPEECH
276,Pas parler gros bâtard chemises provençales,HATE_SPEECH
277,Ne parle pas de gros bâtard chemises provençales,HATE_SPEECH
278,cet enfant svulgar insulte bloque toute suite mdrr band big sons pvte ðÿ ðÿ š ï,HATE_SPEECH
279,cet enfant svulgar insulte bloque n'importe quelle suite mdrr band big sounds pvte ðÿ ðÿ š ï,HATE_SPEECH
280,Gros porc ignoramus inutile,HATE_SPEECH
281,"Gros, sans valeur, cochon d'ignoramus",HATE_SPEECH
282,peut faire agressif c est anes y compris pb,HATE_SPEECH
283,peut faire agressif c est anes y compris pb,HATE_SPEECH
284,cette garce bourgeoise a probablement voté macron n'importe quelle clique privatisante sncf el,HATE_SPEECH
285,Cette garce bourgeoise a probablement voté macron n'importe quelle clique privatisante sncf el,HATE_SPEECH
286,narration autour de messi lapuce insupportable J'appelle tous renois rebuffés 75 91 92 93 94,HATE_SPEECH
287,narration autour de messi lapuce insupportable J'appelle tous renois rebuffés 75 91 92 93 94,HATE_SPEECH
288,C'est plus complexe qu'il ait fait migrer volontairement ðÿ comme un gars là-bas,HATE_SPEECH
289,C'est plus complexe qu'il n'avait migré volontairement ðÿ comme un gars là-bas.,HATE_SPEECH
290,C'est juste stupide.,HATE_SPEECH
291,C'est juste stupide.,HATE_SPEECH
292,rt deux grandes bannières fdp unie d'un garde,HATE_SPEECH
293,rt deux grandes bannières unies fdp d'un garde,HATE_SPEECH
294,cerveau détruit idéologie stupide haines,HATE_SPEECH
295,Le cerveau détruit l'idéologie stupide haine,HATE_SPEECH
296,fera benzema gros cassos,HATE_SPEECH
297,sera benzema gros cassos,HATE_SPEECH
298,Stupide vampire ðÿ,HATE_SPEECH
299,Stupide vampire ðÿ,HATE_SPEECH
300,ðÿ ðÿ ðÿ ðÿ ðÿ ðÿ ðÿ ðÿ ðÿ ðÿ ðÿ ðÿ ðÿ ðÿ ðÿ ðÿ,HATE_SPEECH
301,ðÿ ðÿ ðÿ ðÿ ðÿ ðÿ ðÿ ðÿ ðÿ ðÿ ðÿ ðÿ ðÿ ðÿ ðÿ ðÿ ðÿ ðÿ ðÿ,HATE_SPEECH
302,Non ce que la grosse bite doit vraiment aller chercher l'argumentation genre de prendre le relais,HATE_SPEECH
303,Non ce que la grosse bite doit vraiment aller à la recherche d'arguments comme prendre le relais,HATE_SPEECH
304,mère de pute sodomisée voir,HATE_SPEECH
305,Mère d'une pute sodomisée voir,HATE_SPEECH
306,vous êtes un connaisseur tout cohérent,HATE_SPEECH
307,vous êtes un connaisseur cohérent,HATE_SPEECH
308,fils pute doit vivre 9e paris aucune idée de ce qui est fin,HATE_SPEECH
309,fils pute doit vivre 9e paris aucune idée de ce qui va bien,HATE_SPEECH
310,Savoir courir de gros soldats canapé cans soda,HATE_SPEECH
311,Savoir courir de gros soldats canapé cans soda,HATE_SPEECH
312,Grosse bite doit lire comment la merde soumise,HATE_SPEECH
313,Grosse bite doit lire comment la merde soumise,HATE_SPEECH
314,fils pute inshallah mère tombe ruisseau,HATE_SPEECH
315,fils pute inshallah mère tombe ruisseau,HATE_SPEECH
316,mdr doit être mère pute surtout,HATE_SPEECH
317,mdr doit être mère pute en particulier,HATE_SPEECH
318,france gagne aujourd'hui une pute argentine,HATE_SPEECH
319,france gagne aujourd'hui une pute argentine,HATE_SPEECH
320,Qu'est-ce que la menteuse dit?,HATE_SPEECH
321,Qu'est-ce que le menteur dit?,HATE_SPEECH
322,Rt le dimanche gang fils pute,HATE_SPEECH
323,Rt dimanche gang fils pute,HATE_SPEECH
324,ahahahahahahahwlh grand genre fdp poin jaitous possible,HATE_SPEECH
325,ahahahahahahwlh grand genre fdp poin jaitous possible,HATE_SPEECH
326,vous devez avoir un enfant pvte ne saura rien f,HATE_SPEECH
327,vous devez avoir un enfant pvte ne saura rien f,HATE_SPEECH
328,rt c est toujours grand naz gaucho énervé de la tradition mondiale existe,HATE_SPEECH
329,rt c est encore grand naz gaucho en colère contre la tradition mondiale existe,HATE_SPEECH
330,rt ceux qui veulent voir messi gagner la coupe du monde pay france c est plus grands fils putes ðÿ ðÿ 1⁄2 c est,HATE_SPEECH
331,rt ceux qui veulent voir Messi gagner la coupe du monde pay france c est les plus grands fils putes ðÿ ðÿ 1⁄2 c est,HATE_SPEECH
332,cowboy bebop c est bien donner avis comment there che grand inch l air comme natouf,HATE_SPEECH
333,cowboy bebop c est bien donner un avis comment il ya grand pouce l air comme natouf,HATE_SPEECH
334,boug donne consciemment thune fils pute utilisera cette thune continuer à diffuser h,HATE_SPEECH
335,boug donne consciemment votre fils pute utilisera cet argent continuer à diffuser h,HATE_SPEECH
336,C'est de la mauvaise foi d'une pute de fils.,HATE_SPEECH
337,C'est de la mauvaise foi d'un fils de pute.,HATE_SPEECH
338,savoir déjà rat de ma ville je sais mieux que le rat de votre verra bouche sale Arabe màam,HATE_SPEECH
339,savoir déjà rat de ma ville je sais mieux que le rat de votre verra bouche sale Arabe màam,HATE_SPEECH
340,Quelle putain de fils énorme que je ne vois pas la face,HATE_SPEECH
341,Quel putain de fils que je ne vois pas le visage,HATE_SPEECH
342,donner la force vrm à un abruti,HATE_SPEECH
343,donner de la force vrm à un idiot,HATE_SPEECH
344,Gros cafard est resté mois ronfler comme grand porc chambre fille a peta chose,HATE_SPEECH
345,Gros cafard est resté mois ronflement que gros porc fille chambre a peta chose,HATE_SPEECH
346,Jamais ce ne sont que de grands dégénérés de l'extrême,HATE_SPEECH
347,Ils ne sont jamais que de grands dégénérés de l'extrême.,HATE_SPEECH
348,"Quand tu dois juste fermer ta grande bouche stupide, tu sais?",HATE_SPEECH
349,"Quand tu dois juste fermer ta stupide grande gueule, tu sais?",HATE_SPEECH
350,de permettre à un fils de nid élevé de se prostituer quand même,HATE_SPEECH
351,permettre à un fils d'un nid élevé de se prostituer de toute façon,HATE_SPEECH
352,Rt vraiment rave démonté visage papacito fils putain race traître ouvre bouche parler rac,HATE_SPEECH
353,Rt vraiment rave démonté visage papacito fils putain de race traître ouvre bouche parler rac,HATE_SPEECH
354,Grande fedp raciste à voir bientôt,HATE_SPEECH
355,Grande fedp raciste à voir bientôt,HATE_SPEECH
356,"Ouais, eh bien, ça a beaucoup à voir avec P. d'attardé.",HATE_SPEECH
357,Ça a beaucoup à voir avec P de l'attaché.,HATE_SPEECH
358,toates toujours grand noir pas de changement physique,HATE_SPEECH
359,toates toujours grand noir pas de changement physique,HATE_SPEECH
360,pauvre dinde si les milices parlées éco-bobos attaquent les gauchistes,HATE_SPEECH
361,pauvre dinde si les milices éco-bobos-parles attaquent les gauchistes,HATE_SPEECH
362,distribué par un gars stupide préfère traître na,HATE_SPEECH
363,distribué par un gars stupide préfère traître na,HATE_SPEECH
364,Espérons que le crétin lautaro martinez touchera hehe,HATE_SPEECH
365,Espérons que le crétin lautaro martinez touche Hehe,HATE_SPEECH
366,Allumez la pute de mère,HATE_SPEECH
367,Allumez la pute de Mère,HATE_SPEECH
368,Gros idiot gros peut être limité comme ça,HATE_SPEECH
369,Gros gros idiot peut être limité comme ça,HATE_SPEECH
370,Pitoyable crétin essayant de voir le racisme partout c'est gen idiots comm,HATE_SPEECH
371,Bizarre idiot essayant de voir le racisme partout c'est gen idiots comm,HATE_SPEECH
372,L'islamo gauchisme,HATE_SPEECH
373,Islamo Gauchisme,HATE_SPEECH
374,lefrançois troll putain système,HATE_SPEECH
375,lefrançois troll système de baise,HATE_SPEECH
376,parle argentin à un fils pute à la maison,HATE_SPEECH
377,parle argentin à un fils pute à la maison,HATE_SPEECH
378,gros bec papy fucault,HATE_SPEECH
379,Gros bec papy fucault,HATE_SPEECH
380,tweet totalement aberrant canal normal null pass,HATE_SPEECH
381,tweet totalement aberrant canal normal null pass,HATE_SPEECH
382,C'est un grand raciste.,HATE_SPEECH
383,C'est un grand raciste.,HATE_SPEECH
384,L'Argentine paie ce qu'après le réfugié de guerre nazi ðÿ,HATE_SPEECH
385,L'Argentine paie ce qu'après le réfugié de guerre nazi ðÿ,HATE_SPEECH
386,comme lorsqu'ils abordent le sujet des urgencenistes grand zéro réduire l'esclavage les jeunes pourraient là-bas,HATE_SPEECH
387,comme quand ils abordent le sujet des urgencenistes grand zéro réduire l'esclavage les jeunes pourraient là,HATE_SPEECH
388,Il y a beaucoup de trucs qui se passent.,HATE_SPEECH
389,Il y a beaucoup de choses qui se passent.,HATE_SPEECH
390,rt bravo eric revel remet les terribles gauchistes big dray l horrible zeribi tellement,HATE_SPEECH
391,rt bravo eric revel rend les terribles gauchistes big dray l horrible zeribi tellement,HATE_SPEECH
392,m voir bâtard ðÿ ðÿ ðÿ ðÿ,HATE_SPEECH
393,m voir bâtard ðÿ ðÿ ðÿ ðÿ,HATE_SPEECH
394,J'aime que ce soit une grosse merde qui ne quitte jamais maman toute l'année à Iep cl,HATE_SPEECH
395,J'aime que ce soit une grosse merde qui ne quitte jamais maman toute l'année à Iep cl,HATE_SPEECH
396,prendre l'arbre de Noël incrédule il montre bon niveau fanatique retardé,HATE_SPEECH
397,prendre l'arbre de Noël incroyant il montre un bon niveau fanatique retardé,HATE_SPEECH
398,benzema a conseillé de taper les gens mdr comment nous voulons prendre stupide,HATE_SPEECH
399,Benzema a conseillé de taper des gens mdr comment nous voulons prendre stupide,HATE_SPEECH
400,tout cela de jvois tweet trouve 100 gros svceur,HATE_SPEECH
401,tout cela de jvois tweet trouve 100 gros svceur,HATE_SPEECH
402,tt tyrone pk a chaque foi ke jvien à daron jamai g tit o boutique fils pute,HATE_SPEECH
403,tt tyrone pk a chaque foi ke jvien à daron jamai g tit o boutique fils pute,HATE_SPEECH
404,grand sabot badella aussi ridicules débats de stylo d entre 2 tours,HATE_SPEECH
405,grand sabot badella aussi ridicules débats de stylo d entre 2 tours,HATE_SPEECH
406,rt cette pute ruiné adolescent farid el poilu inventant viol par couverture arabe inceste,HATE_SPEECH
407,rt cette pute ruinée adolescent farid el poilu inventant le viol par inceste couverture arabe,HATE_SPEECH
408,super amie queen maîtresse la sale tapax raciste camot pourquoi,HATE_SPEECH
409,super amie reine maîtresse la sale tapax raciste camot pourquoi,HATE_SPEECH
410,gen messi finale màame était l'espagne 2010 gros suceur pèse mot,HATE_SPEECH
411,gen messi finale màame était l'espagne 2010 gros suceur pèse mot,HATE_SPEECH
412,si grand Français na preuve sans immigration pas de merde ðÿ ðÿ,HATE_SPEECH
413,si grande preuve de naissance française sans immigration pas de merde ðÿ ðÿ,HATE_SPEECH
414,Il ya des suceurs messi compagnie sucer aussi fils pute,HATE_SPEECH
415,Il ya des suceurs messi compagnie sucer aussi fils pute,HATE_SPEECH
416,Christmas peace lord dit que Fat va baiser M. jacquemain o œ œ œ œ œ œ œ œ œ œ œ œ œ œ œ œ œ œ œ œ œ œ œ œ œ œ œ œ œ œ œ œ œ œ œ œ œ œ œ œ œ œ œ œ œ œ œ œ œ œ œ,HATE_SPEECH
417,o o o o o o o o o o o o o o o o o o o o o o o o o o o o o o o o o o o o o o o o o o o o o o o o o o o o o o o o o o o o o o o o o o o o o o o o o o o o o o o o o o o o o o o o o o o o o o o o o o o o o o o o o o o o o o o o o o o o o o o o o o o o o o o o o o o o o o o o o o o o o o o o o o o o o o o o o o o o o o o o o o o o o o o o o o o o o o o o o o o o o o o o o o o o o o o o o o o o o o o o o o o o o o o o o o o o o o o o o o o o o o o o o o o o o o o o o o o o o o o o o o o o o o o o o o,HATE_SPEECH
418,gros à tout moment Schtroumpf,HATE_SPEECH
419,gros à tout moment Schtroumpf,HATE_SPEECH
420,Rien en commun entre poster blàlons le vieux monde tweet vous allez blà l'enfer co,HATE_SPEECH
421,Rien en commun entre poster blàlons le vieux monde tweet vous allez enfer co,HATE_SPEECH
422,Il y a un gros problème.,HATE_SPEECH
423,Il y a un gros problème.,HATE_SPEECH
424,Si vous français l Argentinian parce que vous messi avec bon gros gros fdp,HATE_SPEECH
425,Si vous Français l Argentinian parce que vous messi avec bon gros gros fdp,HATE_SPEECH
426,Ben sujet c'est ipa c'edt gros suceur aller voler des emplois médecins tuer,HATE_SPEECH
427,Ben sujet c'est Ipa c'est gros suceur aller voler des emplois médecins tuer,HATE_SPEECH
428,Ça lui donne envie d'être un gros trou du cul égoïste tellement meilleur endroit,HATE_SPEECH
429,Ça lui donne envie d'être un gros trou du cul égoïste tellement meilleur endroit,HATE_SPEECH
430,bz grande,HATE_SPEECH
431,bz grande,HATE_SPEECH
432,Sans merde et tes putains de retraites sont un gros sac de merde,HATE_SPEECH
433,Sans merde et tes putains de retraites sont un gros sac de merde.,HATE_SPEECH
434,harit passe gwendoline cette grosse pute ne sert jamais rien,HATE_SPEECH
435,harit passe gwendoline que la grosse pute ne sert jamais rien,HATE_SPEECH
436,Raciste idiot vraiment stupide trou du cul danois,HATE_SPEECH
437,"Stupide, stupide, râle au cul danois",HATE_SPEECH
438,si grand troll parce que pseudo contient le nom musulman,HATE_SPEECH
439,si grand troll parce que pseudo contient le nom musulman,HATE_SPEECH
440,"Cachez-vous vieux, grand raciste tàate là-bas",HATE_SPEECH
441,"Cachez-vous vieux, grand raciste tàate là-bas",HATE_SPEECH
442,fils pute,HATE_SPEECH
443,fils pute,HATE_SPEECH
444,d'avoir dû être un gros con vous a menti la vie de mère,HATE_SPEECH
445,Ça a dû être un gros con qui t'a menti à propos de la vie de ma mère.,HATE_SPEECH
446,en raison d'un retard raciste,HATE_SPEECH
447,en raison d'un retard raciste,HATE_SPEECH
448,un gros crétin raciste aussi,HATE_SPEECH
449,Un gros crétin raciste aussi.,HATE_SPEECH
450,espèce grand fils pute t e née france prendre catalane wallah avec fatter che,HATE_SPEECH
451,espèce grand fils pute t e née france prendre catalane wallah avec fatter che,HATE_SPEECH
452,Ptn t e bon grand pdp ne parlent pas trop,HATE_SPEECH
453,Ptn t e bon grand pdp ne parlent pas trop,HATE_SPEECH
454,aussi mauvais que les couilles parle bien fils senegal pute,HATE_SPEECH
455,aussi mauvais que les couilles parlent bien fils pute senegale,HATE_SPEECH
456,rt ptdrr gen commentant les facteurs d'influence sur la vie avec des déchets plus importants,HATE_SPEECH
457,rt ptdrr gen commentant les facteurs influençant la vie avec des déchets plus élevés,HATE_SPEECH
458,désabonnement compte fdp bandeur fitna entre Maroc Algérie photo date 2018 befoo,HATE_SPEECH
459,désabonnement compte fdp bandeur fitna entre Maroc Algérie photo date 2018 befoo,HATE_SPEECH
460,♪ Il y a un grand nain haut ♪,HATE_SPEECH
461,♪ Il y a un grand nain haut ♪,HATE_SPEECH
462,"La demande passe, vous savez, en liquide.",HATE_SPEECH
463,"La demande passe, vous savez, en liquide.",HATE_SPEECH
464,C'est la mère jnun là-bas grosse pute trouve o repos après la mort,HATE_SPEECH
465,C'est la mère de Jnun là-bas que la grosse pute trouve le repos après la mort.,HATE_SPEECH
466,bon vieux gras soupe pleine une tendance pedo doit éclater le rire moral ðÿ o,HATE_SPEECH
467,bonne vieille soupe grasse pleine d'un pedo tendance doit éclater le rire moral ðÿ o,HATE_SPEECH
468,"J'ai même pris l'école d'espagnol, j'ai compris que c'était un gros raciste, putain.",HATE_SPEECH
469,"J'ai même pris l'école d'espagnol, j'ai réalisé que c'était un grand raciste.",HATE_SPEECH
470,Cet Asselineau veut dire bien que c'est s'il faisait un connard de françai,HATE_SPEECH
471,Cet Asselineau veut dire que c'est s'il fait un connard de françai.,HATE_SPEECH
472,fils pute j'ai regardé la vidéo à nouveau,HATE_SPEECH
473,fils pute j'ai regardé la vidéo à nouveau,HATE_SPEECH
474,c'est conesse voit la fin de la prière,HATE_SPEECH
475,C'est une consolation qui voit la fin de la prière.,HATE_SPEECH
476,Gros canard tous morts,HATE_SPEECH
477,Gros canard tous morts,HATE_SPEECH
478,rt c est devenu de gros suceurs de bites je rage trop tellement fan pupette juste fou mentalement y u,HATE_SPEECH
479,rt c est devenu gros suceurs de bites je rage trop fan pupette juste fou mentalement y u,HATE_SPEECH
480,Qu'est-ce qu'il raconte?,HATE_SPEECH
481,De quoi parle-t-il?,HATE_SPEECH
482,Grand père fils pute gàanant,HATE_SPEECH
483,Grand-père fils pute gàanant,HATE_SPEECH
484,fait c est particulièrement grand con hypocrite joue soutien,HATE_SPEECH
485,fait c est particulièrement grand con hypocrite joue soutien,HATE_SPEECH
486,oh grand rat peut payer la villa de chien,HATE_SPEECH
487,Oh grand rat peut payer la villa de chien,HATE_SPEECH
488,"Je vais faire une pause, je vais devoir appeler la salle d'urgence.",HATE_SPEECH
489,"Je vais faire une pause, je vais devoir appeler les urgences.",HATE_SPEECH
490,problème c'est grand l'avion,HATE_SPEECH
491,problème c'est grand l'avion,HATE_SPEECH
492,Maes parle chinois bien regarder la goutte vers le bas suce grande merde comme ma cause,HATE_SPEECH
493,Maes parle chinois bien regarder la goutte d'eau suce la grande merde comme ma cause,HATE_SPEECH
494,rt potment garde corps qatar coupe du monde calvitie tory gros cul megan divertirs,HATE_SPEECH
495,rt potment bodyguard qatar coupe du monde calvitie tory gros cul méga artistes,HATE_SPEECH
496,Qu'est-ce qu'un gros trou du cul incroyable,HATE_SPEECH
497,Qu'est-ce qu'un gros trou du cul?,HATE_SPEECH
498,vraiment ràave démonter visage papacito fils putain race traître ouvre bouche à bouche talkan,HATE_SPEECH
499,vraiment rave démonté visage papacito fils putain de race traître ouvre bouche à bouche talkan,HATE_SPEECH
500,hahahaha màšme était trop grand chien mort,HATE_SPEECH
501,hahahaha màšme était trop grand chien mort,HATE_SPEECH
502,"C'est un gros pédophile, j'ai l'impression qu'on joue au papa.",HATE_SPEECH
503,"C'est un grand pédophile, j'ai l'impression qu'on joue au papa.",HATE_SPEECH
504,big y plucs know valo c est le jeu vidéo trou du cul ðÿ ðÿ ðÿ ðÿ,HATE_SPEECH
505,big y pleats know valo c est le jeu vidéo trou du cul ðÿ ðÿ ðÿ ðÿ ðÿ,HATE_SPEECH
506,J'ai payé la fac pour rien.,HATE_SPEECH
507,J'ai payé la fac pour rien.,HATE_SPEECH
508,Drake doit aller en prison fils pute,HATE_SPEECH
509,Drake doit aller en prison fils pute,HATE_SPEECH
510,"C'est un gros pédophile, j'ai l'impression qu'on joue.",HATE_SPEECH
511,"C'est un grand pédophile, j'ai l'impression qu'on joue.",HATE_SPEECH
512,dehors les statistiques trou du cul fils pute,HATE_SPEECH
513,dehors stats trou du cul fils pute,HATE_SPEECH
514,Va baiser métro oh petite pute va vendre barette porte,HATE_SPEECH
515,Va baiser le métro oh petite pute va vendre la porte de la barette,HATE_SPEECH
516,ptdrrrrrrr vtf grand,HATE_SPEECH
517,ptdrrrrrrr vtf grand,HATE_SPEECH
518,Stupide est celui qui pense qu'il va là-bas pour soutenir,HATE_SPEECH
519,Stupide est celui qui pense qu'il va là-bas pour soutenir,HATE_SPEECH
520,Gros bâtard inhumain ordure complice crime,HATE_SPEECH
521,Gros bâtard inhumain qui est complice du crime,HATE_SPEECH
522,C'est un crétin très dangereux.,HATE_SPEECH
523,C'est un abruti très dangereux.,HATE_SPEECH
524,achète plutôt gros pull aller vous donner cette putain de console baise,HATE_SPEECH
525,achète assez gros pull aller vous donner cette putain de console baise,HATE_SPEECH
526,Il semble également que des activistes sans fondement harcelent des gens d'accord,HATE_SPEECH
527,Il semble également que des militants sans fondement harcelent des gens qui sont d'accord,HATE_SPEECH
528,t a une capacité extraordinaire d'incohérence avec les pauvres bâtards morts,HATE_SPEECH
529,t a une capacité extraordinaire d'incohérence avec les pauvres bâtards morts,HATE_SPEECH
530,attention putain définition plus vulgaire selon wikipedia personne besoin pathétique,HATE_SPEECH
531,Attention putain de définition plus vulgaire selon wikipedia personne besoin pathétique,HATE_SPEECH
532,rt l'Argentinian ce sera une grande piste alain giress ancien footballeur l'équipe france doha support,HATE_SPEECH
533,rt l'Argentinian ce sera une grande piste alain giress ancien footballeur l'équipe france doha soutien,HATE_SPEECH
534,C'est une bonne chose que n'importe quelle france soit aussi bonne que n'importe quelle autre france.,HATE_SPEECH
535,C'est une bonne chose que n'importe quelle france soit aussi bonne que n'importe quelle autre france.,HATE_SPEECH
536,"Euh, quel genre de monde sombre vas-tu marcher 93 aller",HATE_SPEECH
537,"Euh, quel genre de monde sombre allez-vous marcher 93 aller",HATE_SPEECH
538,Infà moi fils pute écrase sœur raciste sale,HATE_SPEECH
539,Infà moi fils pute écrase sœur raciste sale,HATE_SPEECH
540,Ça fait penser à un fils de pute.,HATE_SPEECH
541,On dirait un fils de pute.,HATE_SPEECH
542,rt 3ème étoile rien baise les gros suceurs argentins,HATE_SPEECH
543,rt 3ème étoile baise rien les gros suceurs argentins,HATE_SPEECH
544,"D'accord, espèce de sale pute doit être laid.",HATE_SPEECH
545,"Très bien, fils de pute doit être moche.",HATE_SPEECH
546,Le grand pigeon de l'Europe cette histoire comme si l'Europe était polluante,HATE_SPEECH
547,Le grand pigeon de l'Europe cette histoire comme si l'Europe était polluante,HATE_SPEECH
548,6 mois mari il sera 4 ans peut se déplacer plus correctement soutien-gorge,HATE_SPEECH
549,6 mois mari il sera 4 ans peut se déplacer plus correctement soutien-gorge,HATE_SPEECH
550,Une fois toutes les 3h,HATE_SPEECH
551,Une fois toutes les 3 heures,HATE_SPEECH
552,wow merde grands fils putes pocave rapport afk joug d'hiver mourir,HATE_SPEECH
553,wow merde grands fils putains pocave rap afk joug d'hiver mourir,HATE_SPEECH
554,Quand vous obtenez de signaler gros fils pute t a debuff tip 1m besoin d'embauche da,HATE_SPEECH
555,Quand vous arrivez à rapporter gros fils pute t a debuff tip 1m besoin d'embauche da,HATE_SPEECH
556,rt si trois ballons d'or français refusent d aster une finale jeu salaire c est qu'il a vraiment un gros problème,HATE_SPEECH
557,rt si trois ballons d'or français refusent d'aster un dernier jeu de salaire est qu'il a vraiment un gros problème,HATE_SPEECH
558,rt à gros gras malade vraiment je ressens une haine profonde contre tous les gen veulent améliorer si,HATE_SPEECH
559,rt à gros gras malade vraiment je ressens une haine profonde contre tous les gens veulent améliorer si,HATE_SPEECH
560,C'est un gros cul malin.,HATE_SPEECH
561,C'est un gros cul intelligent.,HATE_SPEECH
562,les autorités disent qu'il n'y a pas de microbe mensonge ðÿ,HATE_SPEECH
563,les autorités disent qu'il n'y a pas de microbe mensonge ðÿ,HATE_SPEECH
564,Dit les nanas si n est des grands fils putes,HATE_SPEECH
565,Dit des nanas si n est de grands fils putes,HATE_SPEECH
566,l intelligentia français màame européen c'est idiot c'est donc,HATE_SPEECH
567,I intelligentia français même européen c'est stupide donc c'est,HATE_SPEECH
568,Petit crétin jouer 42 min pauvre jeu de saison régulière juste histoire noire,HATE_SPEECH
569,Petit crétin jouant 42 min pauvre jeu de saison régulière juste histoire noire,HATE_SPEECH
570,rt devenir un migrant dans l'État ðÿ œ vous pouvez vivre chà teau ðÿ 1,HATE_SPEECH
571,pour devenir un migrant dans l'état ðÿ o vous pouvez vivre ðÿ 1,HATE_SPEECH
572,rt thread plus grand réseau se trouve,HATE_SPEECH
573,rt thread plus grand réseau est situé,HATE_SPEECH
574,Grosse pute de fils court-circuité,HATE_SPEECH
575,Gros fils court-circuité pute,HATE_SPEECH
576,Je n'ai rien dit s'il a mis post uen final l euro 2016 sale fils pute,HATE_SPEECH
577,Je n'ai rien dit s'il a mis post uen final l euro 2016 sale fils pute,HATE_SPEECH
578,Rt parle même espagnol J'ai fait allemand y compris fils pute,HATE_SPEECH
579,Rt parle même espagnol J'ai fait allemand y compris fils pute,HATE_SPEECH
580,Espérons qu'il t'allume la pute de grand-mère,HATE_SPEECH
581,Espérons qu'il allume la pute de grand-mère.,HATE_SPEECH
582,Ali sait que ça va lui plaire.,HATE_SPEECH
583,Ali sait qu'elle aimera ça.,HATE_SPEECH
584,"C'est gros ptn j gras, gros cochon comme ça",HATE_SPEECH
585,"C'est gros, gros cochon comme ça.",HATE_SPEECH
586,ðÿ ðÿ ðÿ ðÿ ðÿ ðÿ ðÿ ðÿ personne de service,HATE_SPEECH
587,ðÿ ðÿ ðÿ ðÿ ðÿ ðÿ ðÿ ðÿ ðÿ ðÿ personne de service,HATE_SPEECH
588,C'est une erreur de faire une pute.,HATE_SPEECH
589,C'est une erreur d'être une pute.,HATE_SPEECH
590,macron pauvre débile pense intelligent,HATE_SPEECH
591,macron pauvre stupide intelligent penser,HATE_SPEECH
592,Le grand pigeon de l'Europe cette histoire comme si l'Europe était polluante,HATE_SPEECH
593,Le grand pigeon de l'Europe cette histoire comme si l'Europe était polluante,HATE_SPEECH
594,Briser la pute,HATE_SPEECH
595,Briser la pute,HATE_SPEECH
596,Je nous baise cette salope a dézingué le code du travail a modifié le rapport,HATE_SPEECH
597,Je baise avec cette salope qui a dézingué le code du travail a changé le rapport.,HATE_SPEECH
598,Quelle pute!,HATE_SPEECH
599,Quelle pute!,HATE_SPEECH
600,Elon musk grand psychopathe fou,HATE_SPEECH
601,Elon musk grand psychopathe fou,HATE_SPEECH
602,recommande d'augmenter les pollueurs-payeurs manifeste même occasion al,HATE_SPEECH
603,recommande d'augmenter le taux de pollueur-payeur en même temps,HATE_SPEECH
604,payer un gros bâtard,HATE_SPEECH
605,payer un gros bâtard,HATE_SPEECH
606,Il n'y a pas de sales gens complices.,HATE_SPEECH
607,Il n'y a pas de gens sales qui soient complices.,HATE_SPEECH
608,toates gros malade vraiment je ressens une profonde haine contre tous les gen veulent amio,HATE_SPEECH
609,je sens une haine profonde contre tous les gens veulent ami,HATE_SPEECH
610,rt laurent blanc platini ah par arabe donc c'est sérieux fils pute,HATE_SPEECH
611,Rt laurent blanc platini ah par arabe donc c'est sérieux fils pute,HATE_SPEECH
612,Si son fils est une pute,HATE_SPEECH
613,Si son fils est une pute,HATE_SPEECH
614,Population résultant d'une rémunération non occidentale sur les incivilités représentées comme une menace harcelée,HATE_SPEECH
615,Population résultant de rémunérations non occidentales sur les incivilités représentées comme une menace harcelée,HATE_SPEECH
616,fils pute,HATE_SPEECH
617,fils pute,HATE_SPEECH
618,C'est pas vrai.,HATE_SPEECH
619,"Oh, mon Dieu.",HATE_SPEECH
620,Je veux baiser maman cette grosse merde de pute.,HATE_SPEECH
621,Je veux baiser maman cette grosse merde de pute.,HATE_SPEECH
622,après l'interdiction le manque de respect quelqu'un propre dit tg fils pute même,HATE_SPEECH
623,après l'interdiction le manque de respect quelqu'un a dit tg fils pute même,HATE_SPEECH
624,nuit juste avant de foràats solitude champ coton combat chiens nègres amertumes,HATE_SPEECH
625,nuit juste avant la solitude champ coton combat chiens nègres amertumes,HATE_SPEECH
626,ptdr t e big footix ðÿ ðÿ when c is brasil c is Brazilian flags mtn Argentin ðÿ ðÿ ptdrrr va se faire foutre,HATE_SPEECH
627,ptdr t e big footix ðÿ ðÿ when c is brasil c is Brazilian flags mtn Argentin ðÿ ðÿ ptdrrr va baiser,HATE_SPEECH
628,Tous les grands misogynes racistes ont vu aya concert damso mà rire baise,HATE_SPEECH
629,Tous les grands misogynistes racistes ont vu aya concert damso mà rire baise,HATE_SPEECH
630,"Ok, gros bouffon.",HATE_SPEECH
631,"Très bien, gros bouffon.",HATE_SPEECH
632,lever 8:30 a.m. dimanche faire gérer monture meubles ba cunt favorite,HATE_SPEECH
633,lever 8:30 a.m. dimanche faire gérer les meubles monture ba cunt favorite,HATE_SPEECH
634,Je suis un abruti.,HATE_SPEECH
635,Je suis un abruti.,HATE_SPEECH
636,rt j am attached t e renoi t e Musulman pry préfère à dealer pitié gère la musique nous,HATE_SPEECH
637,rt j am attached t e renoi t e Musulman pry préfère à dealer pitié gère la musique nous,HATE_SPEECH
638,"Eh bien, j'espère que la france gagnera contre les grands racistes",HATE_SPEECH
639,J'espère que la france gagnera contre les grands racistes.,HATE_SPEECH
640,rt ðÿ call event all territoire 18 décembre 2022 occasion internationale jour migr,HATE_SPEECH
641,rt ðÿ call event all territoire 18 décembre 2022 Journée internationale d'occasion migr,HATE_SPEECH
642,100 gros 24 choix malade stress fatigue métabolisme tout reste baleine,HATE_SPEECH
643,100 gros 24 choix maladie stress fatigue métabolisme tout reste baleine,HATE_SPEECH
644,Le harcèlement de fichiers La réalité de la télé en a assez parlé martika,HATE_SPEECH
645,Le harcèlement des fichiers La réalité de la télévision a assez parlé de martika,HATE_SPEECH
646,rt mieux rire il est si grand france nfo c est ce qui est déjà ðÿ ðÿ ðÿ,HATE_SPEECH
647,rt mieux rire il est si grand france nfo c est ce qui est déjà ðÿ ðÿ ðÿ,HATE_SPEECH
648,rt j am attached t e renoi t e Musulman pry préfère à dealer pitié gère la musique nous,HATE_SPEECH
649,rt j am attached t e renoi t e Musulman pry préfère à dealer pitié gère la musique nous,HATE_SPEECH
650,La femme 2022 est une abruti sans aucun gàane quand est ce que nous pouvons,HATE_SPEECH
651,La femme 2022 est une abruti sans aucun gàane quand est ce que nous pouvons,HATE_SPEECH
652,donc n est frappé à nouveau quelque chose d'autre pense vieille pute heureuse ðÿ ðÿ ðÿ,HATE_SPEECH
653,donc n est frappé à nouveau quelque chose d'autre pense vieille pute heureuse ðÿ ðÿ ðÿ,HATE_SPEECH
654,personnel je dis renoi rebeu j'espère que je n'insulte personne disant que j'aurais du soum,HATE_SPEECH
655,personnel je dis renoi rebeu j'espère que je n'insulte personne disant que j'aurais une somme,HATE_SPEECH
656,puis à nouveau accuser manspalining harcèlement masculin veulent si elle ch,HATE_SPEECH
657,puis à nouveau accuser manspalining harcèlement masculin veulent si elle,HATE_SPEECH
658,rt j am attached t e renoi t e Musulman pry préfère à dealer pitié gère la musique nous,HATE_SPEECH
659,rt j am attached t e renoi t e Musulman pry préfère à dealer pitié gère la musique nous,HATE_SPEECH
660,J'ai horreur de l'idiot n'est rien à dire x,HATE_SPEECH
661,Je déteste l'idiot n'est rien à dire x,HATE_SPEECH
662,rt met des objets renoi,HATE_SPEECH
663,rt met des objets renoi,HATE_SPEECH
664,Il s'agit d'un Français qui se soucie de soutenir le raciste argentin Messi appelé notamment drenthe,HATE_SPEECH
665,C'est un Français qui se soucie de soutenir le raciste argentin Messi appelé notamment drenthe,HATE_SPEECH
666,rt bravo eric revel remet les terribles gauchistes big dray l horrible zeribi tellement,HATE_SPEECH
667,rt bravo eric revel rend les terribles gauchistes big dray l horrible zeribi tellement,HATE_SPEECH
668,"J'ai compris, mais le grand anime doit aller dans des boîtes de nuit qui sont des trucs de haram après ça encore une fois",HATE_SPEECH
669,"J'ai compris, mais le grand anime doit aller dans des boîtes de nuit qui sont des trucs de haram après ça encore une fois.",HATE_SPEECH
670,rt j am attached t e renoi t e Musulman pry préfère à dealer pitié gère la musique nous,HATE_SPEECH
671,rt j am attached t e renoi t e Musulman pry préfère à dealer pitié gère la musique nous,HATE_SPEECH
672,rt actionnaires grand homme costume renuitant fumer cigare 75 sharen,HATE_SPEECH
673,rt actionnaires grand homme costume retour fumer cigare 75 sharen,HATE_SPEECH
674,rt j am attached t e renoi t e Musulman pry préfère à dealer pitié gère la musique nous,HATE_SPEECH
675,rt j am attached t e renoi t e Musulman pry préfère à dealer pitié gère la musique nous,HATE_SPEECH
676,Les insultes du sud c est trop draà la grande cave ðÿ ðÿ ðÿ,HATE_SPEECH
677,Les insultes du sud sont trop draà la grande cave ðÿ ðÿ ðÿ,HATE_SPEECH
678,rt puis flemme part si aucun mâle gros n'a de soutien-gorge gras là-bas ça nous dérange de dormir,HATE_SPEECH
679,rt puis flemme part si aucun grand mâle a un soutien-gorge gras là-bas ça nous dérange de dormir,HATE_SPEECH
680,Oh tqt j'ai eu la tristesse putain massacre,HATE_SPEECH
681,"Oh, mon Dieu, j'ai eu cette putain de tristesse.",HATE_SPEECH
682,ðÿ ðÿ ðÿ ðÿ ðÿ ðÿ ðÿ ðÿ ðÿ ðÿ ðÿ ðÿ ðÿ ðÿ ðÿ ðÿ ðÿ ðÿ ðÿ,HATE_SPEECH
683,ðÿ ðÿ ðÿ ðÿ ðÿ ðÿ ðÿ ðÿ ðÿ ðÿ ðÿ ðÿ ðÿ ðÿ ðÿ ðÿ ðÿ ðÿ ðÿ ðÿ ðÿ ðÿ ðÿ ðÿ,HATE_SPEECH
684,C'est devenu de gros enfoirés que j'ai trop de rage alors fan pupette vient de baiser,HATE_SPEECH
685,C'est devenu de grands bâtards que je suis trop en colère alors fan pupette vient d'embrasser,HATE_SPEECH
686,Je suis sûr que tu es un pauvre fils de pute.,HATE_SPEECH
687,Je suis sûr que tu es un pauvre fils de pute.,HATE_SPEECH
688,rt met des objets renoi,HATE_SPEECH
689,rt met des objets renoi,HATE_SPEECH
690,rt j am attached t e renoi t e Musulman pry préfère à dealer pitié gère la musique nous,HATE_SPEECH
691,rt j am attached t e renoi t e Musulman pry préfère à dealer pitié gère la musique nous,HATE_SPEECH
692,rt j am attached t e renoi t e Musulman pry préfère à dealer pitié gère la musique nous,HATE_SPEECH
693,rt j am attached t e renoi t e Musulman pry préfère à dealer pitié gère la musique nous,HATE_SPEECH
694,rt 3ème étoile rien baise les gros suceurs argentins,HATE_SPEECH
695,rt 3ème étoile baise rien les gros suceurs argentins,HATE_SPEECH
696,rt j am attached t e renoi t e Musulman pry préfère à dealer pitié gère la musique nous,HATE_SPEECH
697,rt j am attached t e renoi t e Musulman pry préfère à dealer pitié gère la musique nous,HATE_SPEECH
698,un harcèlement exilé continue un plus 1700 expulsion met la vie 3267 tente,HATE_SPEECH
699,un harcèlement exilé continue une expulsion plus 1700 apporte la vie 3267 tente,HATE_SPEECH
700,Les yeux de Rt sont plus gros ventre,HATE_SPEECH
701,Les yeux de Rt sont plus gros ventre,HATE_SPEECH
702,si france perd alors deviendra plus grand messi haineux,HATE_SPEECH
703,si la france perd alors deviendra plus messi haineux,HATE_SPEECH
704,"Ouais, voir si ptite putain messi capable de gagner le monde de la tasse parler encore nuit",HATE_SPEECH
705,"Ouais, voir si ptit messi capable de gagner le monde de la tasse parler encore nuit",HATE_SPEECH
706,rt 3ème étoile rien baise les gros suceurs argentins,HATE_SPEECH
707,rt 3ème étoile baise rien les gros suceurs argentins,HATE_SPEECH
708,Dissocier l'auteur de l'œuvre parce que c'est une chose fils pute,HATE_SPEECH
709,Dissocier l'auteur de l'œuvre parce que c'est une chose fils pute,HATE_SPEECH
710,rt Bill gate prédit une oecontagion catastrophique capable de tuer de jeunes adultes enfants que la porte prépare,HATE_SPEECH
711,rt Bill gate prédit une contagion catastrophique capable de tuer les jeunes adultes que la porte prépare,HATE_SPEECH
712,C'est une grosse pute de fils.,HATE_SPEECH
713,C'est la pute d'un grand fils.,HATE_SPEECH
714,La femme 2022 est une abruti sans aucun gàane quand est ce que nous pouvons,HATE_SPEECH
715,La femme 2022 est une abruti sans aucun gàane quand est ce que nous pouvons,HATE_SPEECH
716,La femme 2022 est une abruti sans aucun gàane quand est ce que nous pouvons,HATE_SPEECH
717,La femme 2022 est une abruti sans aucun gàane quand est ce que nous pouvons,HATE_SPEECH
718,nique simple débile gary,HATE_SPEECH
719,simple salope garce Gary,HATE_SPEECH
720,Pourquoi soutenir la france contre l'Algerie Maroc etc.,HATE_SPEECH
721,Pourquoi soutenir la France contre l'Algérie Maroc etc.,HATE_SPEECH
722,Peut-être est-ce une marce qu'il le genre français d'enfant pute e,HATE_SPEECH
723,Peut-être que c'est une marce qu'il est le type français de pute d'enfant.,HATE_SPEECH
724,Seulement une pute nazie suivante,HATE_SPEECH
725,Une seule pute nazie après,HATE_SPEECH
726,Laver les putes sales,HATE_SPEECH
727,Laver les putes sales,HATE_SPEECH
728,Trop stupide maman n'a rien à faire à court salaire bien fine tt ca,HATE_SPEECH
729,Trop stupide maman n'a rien à voir avec le salaire court bien fine tt que,HATE_SPEECH
730,Qu'est-ce qu'il va foutre en l'air qu'il reste?,HATE_SPEECH
731,Qu'est-ce qu'il va faire?,HATE_SPEECH
732,"Le corps féminin, par exemple entre de très grandes citations, ne signifie rien à une femme baise la cisnormativité du corps",HATE_SPEECH
733,"Le corps de la femme, par exemple entre de très grandes citations, ne signifie rien à une femme baise la cisnormativité du corps",HATE_SPEECH
734,♪ salope sombre ♪,HATE_SPEECH
735,♪ salope sombre ♪,HATE_SPEECH
736,C'est vraiment un gros chien.,HATE_SPEECH
737,C'est vraiment un gros chien.,HATE_SPEECH
738,"Quand tu as un gros truc, tu dis ça comme une merde.",HATE_SPEECH
739,"Quand tu as une grosse chose, tu dis ça comme de la merde.",HATE_SPEECH
740,Joyeux Noël gros fils pute ðÿ,HATE_SPEECH
741,Joyeux Noël gros fils pute ðÿ,HATE_SPEECH
742,tweet demande donner l'opinion gentil fils sale pute,HATE_SPEECH
743,tweet demande donner l'opinion gentil fils sale pute,HATE_SPEECH
744,Fils de pute.,HATE_SPEECH
745,Fils de pute.,HATE_SPEECH
746,rt Bill gate prédit une contagion catastrophique capable de tuer de jeunes adultes des enfants que la porte prépare,HATE_SPEECH
747,Bill gate prédit une contagion catastrophique capable de tuer les jeunes adultes des enfants que la porte prépare,HATE_SPEECH
748,rt 3ème étoile rien baise les gros suceurs argentins,HATE_SPEECH
749,rt 3ème étoile baise rien les gros suceurs argentins,HATE_SPEECH
750,fils de pute macron,HATE_SPEECH
751,Fils de pute macron,HATE_SPEECH
752,m a m a m a m a m a m a m a m a m a m a m a m a m a m a m a m a m a m a m a m a m a m a m a m a m a m a m a m a m a m a m a m a m a m a m a m a m a m a m a m a m a m a m a m a m a m a m a m a m a m a m a m a m a m a m a m a m a m a m a m a m a m a m a m a m a m a m a m a m a m a m a m a m a m a m a m a m a m a m a m a m a m a m a m a m a m a m a m a m a m a m a m a m a m a m a m a m a m a m a m a m a m a m a m a m a m,HATE_SPEECH
753,m a m a m a m a m a m a m a m a m a m a m a m a m a m a m a m a m a m a m a m a m a m a m a m a m a m a m a m a m a m a m a m a m a m a m a m a m a m a m a m a m a m a m a m a m a m a m a m a m a m a m a m a m a m a m a m a m a m a m a m a m a m a m a m a m a m a m a m a m a m a m a m a m a m a m a m a m a m a m a m a m a m a m a m a m a m a m a m a m a m a m a m a m a m a m a m a m a m a m a m a m a m a m a m a m a m a m a m a m a m a m a m a m a m a m a m a m a m a m a m a m a m a m a m a m a m,HATE_SPEECH
754,Surtout fils de pute otamendi vraiment,HATE_SPEECH
755,Surtout fils de pute otamendi vraiment,HATE_SPEECH
756,grosse pute,HATE_SPEECH
757,grosse pute,HATE_SPEECH
758,C'est une vraie vieille salope.,HATE_SPEECH
759,C'est une vraie vieille salope.,HATE_SPEECH
760,tu dois être egoà ste af màme juste une grosse bite,HATE_SPEECH
761,Tu dois être egoà ste af même une grosse bite,HATE_SPEECH
762,Quel tweet sérieux pour s'enfler en regardant la merde s'en aller.,HATE_SPEECH
763,Quel tweet sérieux pour gonfler en regardant la merde s'en aller.,HATE_SPEECH
764,Ouais ouais grande phrase de shoal ðÿ ðÿ,HATE_SPEECH
765,Ouais ouais grande phrase de shoal ðÿ ðÿ,HATE_SPEECH
766,Rt le dimanche gang fils pute,HATE_SPEECH
767,Rt dimanche gang fils pute,HATE_SPEECH
768,C'est une mdrrrrr.,HATE_SPEECH
769,C'est un mdrrrrrr.,HATE_SPEECH
770,rt j fatigué d'être rejeté agréable très agréable lin grande puce que vous voulez autre,HATE_SPEECH
771,rt j fatigué d'être rejeté agréable très agréable lin grande puce que vous voulez autre,HATE_SPEECH
772,Qu'est-ce que c'est qu'un putain de pd celui-là.,HATE_SPEECH
773,Quel putain de pd celui-là.,HATE_SPEECH
774,grand poster ftg puant,HATE_SPEECH
775,grand poster ftg puant,HATE_SPEECH
776,Ah grand,HATE_SPEECH
777,Génial.,HATE_SPEECH
778,Rt le dimanche gang fils pute,HATE_SPEECH
779,Rt dimanche gang fils pute,HATE_SPEECH
780,c est comme la mauvaise télévision alimentaire rend malade stupide c est chitðÿ ðÿ ðÿ,HATE_SPEECH
781,c est comme la mauvaise alimentation TV rend malade stupide c est chitðÿ ðÿ ðÿ,HATE_SPEECH
782,"rt fille gros seins pensent qu'ils peuvent contrôler lol à première droite, mais ðÿ",HATE_SPEECH
783,"rt fille gros seins pensent qu'ils peuvent contrôler lol à la première droite, mais ðÿ",HATE_SPEECH
784,Couteaux de pute cool suicide,HATE_SPEECH
785,Couteaux de pute cool suicide,HATE_SPEECH
786,"C'est bien, c'est bien, c'est bien, c'est bien, c'est bien, c'est bien, c'est bien, c'est bien, c'est bien, c'est bien, c'est bien, c'est bien, c'est bien, c'est bien, c'est bien, c'est bien, c'est bien, c'est bien, c'est bien, c'est bien, c'est bien, c'est bien, c'est bien, c'est bien, c'est bien, c'est bien, c'est bien, c'est bien, c'est bien, c'est bien, c'est bien, c'est bien, c'est bien, c'est bien, c'est bien, c'est bien, c'est bien, c'est bien, c'est bien, c'est bien, c'est bien, c'est bien, c'est bien, c'est bien, c'est bien, c'est bien, c'est bien, c'est bien, c'est bien, c'est bien, c'est bien, c'est bien.",HATE_SPEECH
787,"C'est bon, c'est bon, c'est bon, c'est bon, c'est bon, c'est bon, c'est bon, c'est bon, c'est bon, c'est bon, c'est bon, c'est bon, c'est bon, c'est bon, c'est bon, c'est bon, c'est bon, c'est bon, c'est bon, c'est bon, c'est bon, c'est bon, c'est bon, c'est bon, c'est bon, c'est bon, c'est bon, c'est bon, c'est bon, c'est bon, c'est bon, c'est bon, c'est bon, c'est bon, c'est bon, c'est bon, c'est bon, c'est bon, c'est bon, c'est bon, c'est bon, c'est bon, c'est bon, c'est bon, c'est bon, c'est bon, c'est bon, c'est bon, c'est bon, c'est bon, c'est bon, c'est bon, c'est bon, c'est bon, c'est bon, c'est bon, c'est bon, c'est bon, c'est bon, c'est",HATE_SPEECH
788,le gros phoque pulvérisé a voté que,HATE_SPEECH
789,le gros sceau pulvérisé a voté que,HATE_SPEECH
790,"Attendez, attendez, attendez, attendez, attendez, attendez, attendez, attendez, attendez, attendez, attendez, attendez, attendez, attendez, attendez, attendez, attendez, attendez, attendez, attendez, attendez, attendez, attendez, attendez.",HATE_SPEECH
791,"Attendez, attendez, attendez, attendez, attendez, attendez, attendez, attendez, attendez, attendez, attendez, attendez, attendez, attendez, attendez, attendez, attendez, attendez, attendez, attendez, attendez, attendez, attendez, attendez.",HATE_SPEECH
792,parle français parle argentin sale fils pute,HATE_SPEECH
793,parle français parle argentin sale fils pute,HATE_SPEECH
794,tsais dudu lifte stresse déjà comme le gros porc c est n'importe quoi ðÿ,HATE_SPEECH
795,tsais dulifte stresse déjà comme le gros porc c est n'importe quoi ðÿ,HATE_SPEECH
796,Pauvre salope.,HATE_SPEECH
797,Pauvre salope.,HATE_SPEECH
798,Qu'est-ce que c'est que cette merde?,HATE_SPEECH
799,Qu'est-ce que c'est que ça?,HATE_SPEECH
800,dechavanne vraiment mauvaise personne assez voy,HATE_SPEECH
801,Dechavanne vraiment mauvaise personne assez vue,HATE_SPEECH
802,rt Bill gate prédit une contagion catastrophique capable de tuer de jeunes adultes des enfants que la porte prépare,HATE_SPEECH
803,Bill gate prédit une contagion catastrophique capable de tuer les jeunes adultes des enfants que la porte prépare,HATE_SPEECH
804,Wesh même que j'étais putain de commun c'était vraiment un gros pédophile ça t'arrive jsp,HATE_SPEECH
805,Wesh même j'étais putain de commun qu'il était un grand pédophile qui t'arrive Jsp,HATE_SPEECH
806,Baise qui craint comme disquette ðÿ ðÿ ce qu'une salope laisserait avoir genre de conneries à l'université ðÿ,HATE_SPEECH
807,Baise qui craint comme disquette ðÿ ðÿ ce qu'une salope laisserait avoir une sorte de conneries à l'université ðÿ,HATE_SPEECH
808,Espèce de salope qui veut bourdonner.,HATE_SPEECH
809,Espèce de salope qui veut bourdonner.,HATE_SPEECH
810,tusra nique ma mère sale pute m a vnr tieb,HATE_SPEECH
811,Tusra nique ma mère sale pute m a vnr tieb,HATE_SPEECH
812,tweet moron en particulier mdrrrrrrr,HATE_SPEECH
813,tweet moron en particulier mdrrrrrrrrrrr,HATE_SPEECH
814,Rt putain de jpe plus sac j'ai aimé trop snap qd c'était pute vrm premium,HATE_SPEECH
815,Rt putain de jpe plus sac j'ai aimé trop snap qd c'était pute vrm premium,HATE_SPEECH
816,Ok Bahnic grand-mère putain ripto vache Rays deux vie supprime l'île,HATE_SPEECH
817,Ok Bahnic Grand-mère putain de ripto vache Rays deux vie supprime l'île,HATE_SPEECH
818,Typique stupidité gauche idiots capables de détruire l'héritage de la civilisation,HATE_SPEECH
819,Typiquement stupides idiots de gauche capables de détruire l'héritage de la civilisation,HATE_SPEECH
820,"Même une vraie pute de fils, c'est de la folie.",HATE_SPEECH
821,"Même la pute d'un vrai fils, c'est de la folie.",HATE_SPEECH
822,pute poutine exhorte libre france ont remède parce que grave pr,HATE_SPEECH
823,pute poutine exhorte libre france ont remède parce que grave pr,HATE_SPEECH
824,C est la cause de la pollution de consanguinité qui est ce qu'ils sont nés mal,HATE_SPEECH
825,C'est la cause de la pollution de consanguinité qui est ce qu'ils sont nés malades,HATE_SPEECH
826,confirme bien français grand con sou réserve,HATE_SPEECH
827,confirme bien la grande conservation française,HATE_SPEECH
828,rt 3ème étoile rien baise les gros suceurs argentins,HATE_SPEECH
829,rt 3ème étoile baise rien les gros suceurs argentins,HATE_SPEECH
830,C'est un gros loser.,HATE_SPEECH
831,C'est un gros loser.,HATE_SPEECH
832,n'ont pas honte de dire plus grand supplément raciste Nazism france type,HATE_SPEECH
833,n'ont pas honte de dire un plus grand supplément raciste Nazism france type,HATE_SPEECH
834,vraiment grande guerre zelinski poutine deux belles salopes,HATE_SPEECH
835,vraiment grande guerre zelinski poutine deux belles salopes,HATE_SPEECH
836,rt 3ème étoile rien baise les gros suceurs argentins,HATE_SPEECH
837,rt 3ème étoile baise rien les gros suceurs argentins,HATE_SPEECH
838,ce que tu vas perdre,HATE_SPEECH
839,ce que vous allez perdre,HATE_SPEECH
840,fils arrogant pute,HATE_SPEECH
841,fils arrogant pute,HATE_SPEECH
842,Les gouvernements du monde grand hypocrite quand l'Ue a attaqué tout le monde a réagi même le pape a pleuré,HATE_SPEECH
843,Les gouvernements du grand monde hypocrite quand l'Ue a attaqué tout le monde ont réagi même le pape pleuré,HATE_SPEECH
844,pire est que ça s'appelle vincent mdrr dit l'autre français,HATE_SPEECH
845,pire est que ça s'appelle vincent mdrr dit l'autre français,HATE_SPEECH
846,reserved jalous community discut will treat anti-Semitesðÿ ðÿ mode blanc vue dure communauté noire m interress pa interress awla tien a paedophilia ramping at,HATE_SPEECH
847,reservé discussion de communauté jalouse traitera anti-Sémitesðÿ ðÿ mode blanc vue dure communauté noire m interress pa interress awla tien une pédophilie rampant à,HATE_SPEECH
848,voir la partie c est matcho tabash femmes,HATE_SPEECH
849,voir partie c est matcho tabash femmes,HATE_SPEECH
850,bien vivant palestine I à tat clown marocain,HATE_SPEECH
851,vivant pâletin I à tat clown marocain,HATE_SPEECH
852,croire vraiment que les gens peuvent faire ce putain de cerveau pour être Algérien ðÿ,HATE_SPEECH
853,vraiment croire que les gens peuvent faire ce putain de cerveau pour être Algérien ðÿ,HATE_SPEECH
854,Jaloux algérien ðÿ,HATE_SPEECH
855,La jalousie algérienne ðÿ,HATE_SPEECH
856,dès que la corruption l'Etat marocain pointe le doigt c est nécessairement le travail des Algériens ðÿ ðÿ encore chekkam Algériens moins n ont peur de dénoncer la corruption l à tat comme là ches lick boots comme vous arrêtez de parler d'algeria quand post concerne Maroc,HATE_SPEECH
857,Dès que la corruption l'Etat marocain pointe le doigt c est nécessairement le travail des Algériens ðÿ ðÿ encore chekkam Algériens moins n ont peur de dénoncer la corruption l à tat comme là ches lick boots que vous arrêtez de parler d'algeria quand post concerne le Maroc,HATE_SPEECH
858,croire que tous les Marocains 3eyyacha comme ðÿ ðÿ,HATE_SPEECH
859,croire que tous les Marocains 3eyyacha comme ðÿ ðÿ,HATE_SPEECH
860,simplement parce que dz gay ferme les yeux corruption algérienne,HATE_SPEECH
861,juste parce que dz gay ferme les yeux corruption algérienne,HATE_SPEECH
862,ah savoir israël chéri ele également détruit est écrit libre mason lettre 33ème degré albert broche plan nouveau monde ordre luciferian golem comme sacrifié ðÿ,HATE_SPEECH
863,ah savoir israël chéri ele également détruit est écrit libre mason lettre 33ème degré Albert broche plan nouvel ordre mondial luciférien golem comme sacrifié ðÿ,HATE_SPEECH
864,sou ðÿ divisions payer étrangement parler jamais mauvaise algeria juive entre juifs algériens préfère épouser juif x2000 plutôt qu'une Algérienne,HATE_SPEECH
865,sou ðÿ les divisions payent étrangement jamais parler mauvaise algeria juive entre juifs algériens préfère épouser juif x2000 plutôt qu'une Algérienne,HATE_SPEECH
866,c is sà r c is very Islamic flag ðÿ real clown non informé parler plutôt autruche font monafi9in t e rifain plus quelle honte,HATE_SPEECH
867,c is sà r c is very Islamic flag ðÿ real clown non informé parler plutôt autruche font monafi9in t e rifain plus quelle honte,HATE_SPEECH
868,Maroc n'a rien fait de palestin juste hypocrisie rares moments où le tat marocain a fait quelque chose qu'il est appelé mu3rada mechriya opposition contre lée bluff bien que Maroc n'est jamais l'histoire opposée à l'état sioniste normal maro alaouite essence sioniste sans mère israël papa usa l au tat marocain comme il corromp aujourd'hui 100 vendu mafia masonnique nwo n existerait,HATE_SPEECH
869,Le Maroc n'a rien fait de palestin juste des moments d'hypocrisie rare quand le tat marocain a fait quelque chose qu'il est appelé mu3rada mechriya opposition contre le bluff bien que le Maroc n'est jamais l'histoire opposée à l'état sioniste normal maro alaouite essence sioniste sans mère israël papa usa l au tat marocain comme il corrompt aujourd'hui 100 vendu mafia masonnic nwo n existent,HATE_SPEECH
870,fin collabos comme n'ont rien fait cette page retourne lick licks maître sionistes maçons libres bouger d'ici,HATE_SPEECH
871,fin collabos comme n'a rien fait cette page retourne lick licks maître sionistes maçons libres bouger d'ici,HATE_SPEECH
872,message a créé la réponse algérienne oui besoin d'apprendre lire les commentaires position photo voir seum dérives ðÿ ðÿ ðÿ courte logique Maroc signe Israël tours vus à feuj considérer comme marocain une 100 que gad elmaleh tjrs vécu libre heureux contrairement à feuj d algeria dire jamais Algérien Français d'algeria comme dirait raciste zemmour ðÿ ðÿ ðÿ Les musulmans marocains peuvent adorer palestinien a no squiries maro royaume envoyer bcp d aider l'État palestinien ainsi arrêter mytho merci,HATE_SPEECH
873,message créé la réponse algérienne oui besoin d'apprendre à lire les commentaires position photo voir seum dérives ðÿ ðÿ ðÿ courte logique Le Maroc signe les tours d'Israël vues à feuj considérer comme marocaines une 100 que gad elmaleh tjrs vécu libre heureux contrairement à feuj d algeria dire jamais Algérien Français d'algeria comme dirait raciste zemmour ðÿ ðÿ ðÿ Les musulmans marocains peuvent adorer les Palestiniens sans écuries royaume de mari envoyer bcp pour aider l'État palestinien donc arrêtez mytho merci,HATE_SPEECH
874,franchement question commentaires gomons peut vraiment faire mieux si logique normaliser israël parce que les juifs marocains considèrent comme un coup d'État marocain c'est que israël pour voir cette histoire entièrement marocaine non seulement l'allégeance va Maroc pas si pk israël J'ai capturé surtout pourquoi normaliser maintenant Juifs marocains existent depuis très longtemps semble n essayer de trouver des excuses quelque chose profondément immoral venant d'un État musulman envoie beaucoup d'aide palestinienne à temp normalise les affaires soutient l'État cause de tous les malheurs palestiniens bon choix est voir c est schizophrénie hypocrisie plus cynique opportunisme doit cesser à temps pour être si malhonnàté,HATE_SPEECH
875,franchement questionner commentaires gomons peut vraiment faire mieux si logique normaliser israël parce que les juifs marocains considèrent comme un coup d'État marocain c'est que l'Israël de voir cette histoire entièrement marocaine non seulement l'allégeance va Maroc pas si pk israël J'ai capturé surtout pourquoi maintenant normaliser juifs marocains existent depuis très longtemps semble ne essayer de trouver des excuses quelque chose profondément immoral venant d'un État musulman envoie beaucoup d'aide palestinienne à temp normalise les affaires soutenir la cause de l'État de tous les malheurs palestiniens bon choix est voir c est schizophrénie hypocrisie plus cynique opportunisme doit cesser à temps pour être si malhonnête,HATE_SPEECH
876,pas_la789 commentaire a écrit golem réponse oui ca où la page aurait remarqué dénoncer la corruption tout au tat maghreb l au tat marocain drà les défenseurs 3ayyacha à la corruption criminelle tat c est de l'État de corruption dénoncé il est nécessairement le travail d'un Algérien avec des écuries incurables,HATE_SPEECH
877,pas_la789 commentaire a écrit golem réponse oui ca où la page aurait remarqué dénoncer la corruption tout au tat maghreb l au tat draà marocain les défenseurs 3ayyacha à la corruption criminelle tat c est de l'état de corruption dénoncé il est nécessairement le travail d'un Algérien avec des écuries incurables,HATE_SPEECH
878,clown première classe comme tous les 3eyyacha page supporte pas tat petit lick boots post concern l to tat Marocain dévié sujet l to tat Algérien yal 3eyyachi fait algerie n y petits garçons prostituée rue comme Marrakech ðÿ ni les Saoudiens viennent baiser putains bar donc si vous voulez retourner aux comparaisons de jeu peut aller beaucoup mieux vait firmes clapet ðÿ,HATE_SPEECH
879,clown première classe comme tous les 3eyyacha page support pas tat petit lick boots post concern l to tat Marocain dévié sujet l to tat Algérien yal 3eyyachi fait algerie n y petits garçons rue prostituée comme Marrakech ðÿ ni les Saoudiens viennent baise bar donc si vous voulez retourner aux comparaisons de jeu peut aller beaucoup mieux vait cabinets valve ðÿ,HATE_SPEECH
880,personne n'a contredit que si aates hors du sujet ce qui est à commenter si n déplace le débat plus pour être féministe implique d'arrêter le voile visage si bon,HATE_SPEECH
881,Personne ne contredit seulement si aates hors du sujet ce qui est à commenter si n déplace le débat plus pour être féministe implique d'arrêter le voile de visage si bon,HATE_SPEECH
882,oh non il voit juste des appartements quartiers bourgeois peuvent nécessairement voir maintenant nécessairement pour se former intellectuellement si vouloir en discuter plus profondément le message privé,HATE_SPEECH
883,oh non il voit juste les appartements bourgeois de quartier peuvent nécessairement voir maintenant nécessairement pour former intellectuellement si vouloir en discuter plus profondément le message privé,HATE_SPEECH
884,à moins que l'erreur ne semble républicaine déjà là-bas c'est problème,HATE_SPEECH
885,Sauf si l'erreur semble républicaine déjà là-bas c'est un problème,HATE_SPEECH
886,bon l important ai les yeux ouverts reste le moyen de prétendre comme le vrai patriote tout simplement français,HATE_SPEECH
887,bon les yeux importants ouverts reste la façon de prétendre comme le vrai patriote tout simplement français,HATE_SPEECH
888,aigri dos aligner petites affiches tous les murs mignons ðÿ un deux trois vivants l uniðÿ vraies valeurs justes,HATE_SPEECH
889,aigri retour aligner petites affiches tous les murs mignons ðÿ un deux trois vivant les valeurs uniðÿ vraies juste,HATE_SPEECH
890,"Pardonne-moi, j'ai dû t'apprendre à être un vrai Français.",HATE_SPEECH
891,"Pardonnez-moi, j'ai dû vous apprendre à être un vrai Français.",HATE_SPEECH
892,Gaulois à gauche m,HATE_SPEECH
893,Gaulois à gauche m,HATE_SPEECH
894,Gaulois à gauche m,HATE_SPEECH
895,Gaulois à gauche m,HATE_SPEECH
896,plus Français chaton n haine ayant le sang gaulois ðÿ,HATE_SPEECH
897,plus Français chatons n haine avoir Gaulois sang ðÿ,HATE_SPEECH
898,Lol grand-père français souche donc venez diva ici militant antifasciste bobo gauchiste,HATE_SPEECH
899,Lol français grand-père souche donc venez diva ici antifasciste militant bobo gauchiste,HATE_SPEECH
900,tocards toujours plus fort sur internet jeu toujours rien terrain,HATE_SPEECH
901,toujours plus fort tocards sur internet jeu toujours rien terrain,HATE_SPEECH
902,oui l'uni restera particulièrement grand carriéristes baltringues sucer silence stp,HATE_SPEECH
903,oui l'unité restera particulièrement grand carriéristes baltringues sucer le silence s'il vous plaît,HATE_SPEECH
904,parler screen copains vidéo salope sur elle quand les comptes leurs demandes,HATE_SPEECH
905,parler écran copains vidéo salope à propos d'elle quand les comptes leurs demandes,HATE_SPEECH
