,Text,Label
0,rt big mbappled sur trop sombre représentent france comme le doit,RACISM
1,nt grand mbapped sur trop sombre représentent france comme il devrait,RACISM
2,mdrr jouit grv renoi soukali sah,RACISM
3,mdrr aime grv renoi soukali sah,RACISM
4,rt tenue l extrême droite negro noir panther bulaya242,RACISM
5,rt tient l'extrême droite noire panthère bulaya242,RACISM
6,rt si David a été appelé omar qu'il faux migrant chambre chaude chà teau,RACISM
7,Si David a été appelé omar qu'il fait semblant de migrant chambre chaude chà teau,RACISM
8,la pitié doit vraiment rebeu doux arràate faire ces séries merdiques pensant qu'ils ont fait cela,RACISM
9,pitié doit vraiment rebuch doux stop faire ces séries merdiques pensant qu'ils ont fait cela,RACISM
10,rt 2 b appartements concert damso blanc si facile n mot c est malade il chantait grand,RACISM
11,rt 2 b appartements concert damso blanc si facile n mot c est malade il a chanté grand,RACISM
12,"En fait, il y a tellement de rendu que ce n'est qu'une perte.",RACISM
13,"En fait, il y a tellement de rendu que ce n'est qu'une perte.",RACISM
14,rt 2 b appartements concert damso blanc si facile n mot c est malade il chantait grand,RACISM
15,rt 2 b appartements concert damso blanc si facile n mot c est malade il a chanté grand,RACISM
16,rt j am attached t e renoi t e Musulman pry préfère à dealer pitié gère la musique nous,RACISM
17,rt j am attached t e renoi t e Musulman pry préfère à dealer pitié gère la musique nous,RACISM
18,rt met des objets renoi,RACISM
19,rt met des objets renoi,RACISM
20,p mot c est ce que s'il vous plaît aider à dire pd quand màame ðÿ ðÿ ðÿ ðÿ aller à pd negro whitt,RACISM
21,p mot c est ce que s'il vous plaît aider à dire pd quand máame ðÿ ðÿ ðÿ ðÿ allez à pd negro whitt,RACISM
22,rt j am attached t e renoi t e Musulman pry préfère à dealer pitié gère la musique nous,RACISM
23,rt j am attached t e renoi t e Musulman pry préfère à dealer pitié gère la musique nous,RACISM
24,rt j am attached t e renoi t e Musulman pry préfère à dealer pitié gère la musique nous,RACISM
25,rt j am attached t e renoi t e Musulman pry préfère à dealer pitié gère la musique nous,RACISM
26,rt 2 b appartements concert damso blanc si facile n mot c est malade il chantait grand,RACISM
27,rt 2 b appartements concert damso blanc si facile n mot c est malade il a chanté grand,RACISM
28,mddr dis ben ya 1 smn ya renoi jla croix vers vous église monumentale non catholique,RACISM
29,mddr dis ben ya 1 smn ya renoi jla croix vers vous monumentale église non catholique,RACISM
30,rt j am attached t e renoi t e Musulman pry préfère à dealer pitié gère la musique nous,RACISM
31,rt j am attached t e renoi t e Musulman pry préfère à dealer pitié gère la musique nous,RACISM
32,rt j am attached t e renoi t e Musulman pry préfère à dealer pitié gère la musique nous,RACISM
33,rt j am attached t e renoi t e Musulman pry préfère à dealer pitié gère la musique nous,RACISM
34,C'est rebeu découvert là-bas.,RACISM
35,On l'a retrouvé là-bas.,RACISM
36,rt j am attached t e renoi t e Musulman pry préfère à dealer pitié gère la musique nous,RACISM
37,rt j am attached t e renoi t e Musulman pry préfère à dealer pitié gère la musique nous,RACISM
38,rt j am attached t e renoi t e Musulman pry préfère à dealer pitié gère la musique nous,RACISM
39,rt j am attached t e renoi t e Musulman pry préfère à dealer pitié gère la musique nous,RACISM
40,bonne idée nigga put extension j voir lui chlou pre àetre honnàate so nn ðÿ,RACISM
41,bonne idée nigga put extension j voir lui chlou pre àetre honnàate so nn ðÿ,RACISM
42,rt j am attached t e renoi t e Musulman pry préfère à dealer pitié gère la musique nous,RACISM
43,rt j am attached t e renoi t e Musulman pry préfère à dealer pitié gère la musique nous,RACISM
44,Voir aussi le tableau ci-dessous.,RACISM
45,Voir aussi le tableau ci-dessous.,RACISM
46,rt j am attached t e renoi t e Musulman pry préfère à dealer pitié gère la musique nous,RACISM
47,rt j am attached t e renoi t e Musulman pry préfère à dealer pitié gère la musique nous,RACISM
48,rt j am attached t e renoi t e Musulman pry préfère à dealer pitié gère la musique nous,RACISM
49,rt j am attached t e renoi t e Musulman pry préfère à dealer pitié gère la musique nous,RACISM
50,J'espère qu'il aura une grosse huile de yankee sans huile tous les jours avec une bien-veinée 28 7,RACISM
51,J'espère qu'il recevra une grosse huile Yankee sans huile tous les jours avec une bonne veine 28 7,RACISM
52,Rt look tweet ignoble renois c est juste le compte raciste faux renoi mi temp,RACISM
53,Rt look tweet ignoble renois c est juste le récit raciste faux renoi mi temp,RACISM
54,macron verra la vraie france renoi l'avion merci,RACISM
55,macron verra la vraie france renoi l'avion merci,RACISM
56,ðÿž ï serait prêt à vous accueillir à ðÿ a yes sà r ðÿž ï ici ðÿ a ah non vnsxcwmnsrsvxw,RACISM
57,ðÿž ï serait prêt à vous accueillir à ðÿ a yes sà r ðÿž ï ici ðÿ a ah non vnsxcwmnsrsvxw,RACISM
58,rt j am attached t e renoi t e Musulman pry préfère à dealer pitié gère la musique nous,RACISM
59,rt j am attached t e renoi t e Musulman pry préfère à dealer pitié gère la musique nous,RACISM
60,C'est vraiment renoi hn,RACISM
61,C'est vraiment renoi hn,RACISM
62,Comment je déteste rebeu joue renoi,RACISM
63,Comment je déteste rebeu jouer renoi,RACISM
64,rt 2 b appartements concert damso blanc si facile n mot c est malade il chantait grand,RACISM
65,rt 2 b appartements concert damso blanc si facile n mot c est malade il a chanté grand,RACISM
66,rt devenir un migrant dans l'État ðÿ œ vous pouvez vivre chà teau ðÿ 1,RACISM
67,pour devenir un migrant dans l'état ðÿ o vous pouvez vivre ðÿ 1,RACISM
68,rt fait photo tapis prière main immédiatement voir ce renoi vraiment,RACISM
69,rt fait photo tapis prière main immédiatement voir ce renoi vraiment,RACISM
70,rt go hélico renoi Christian Congolais Supplément ivoirien,RACISM
71,rt go helico renoi Christian Congolais Ivoirien Supplément,RACISM
72,rt j am attached t e renoi t e Musulman pry préfère à dealer pitié gère la musique nous,RACISM
73,rt j am attached t e renoi t e Musulman pry préfère à dealer pitié gère la musique nous,RACISM
74,18 porcs ont claqué tout le nègre france,RACISM
75,18 porcs ont claqué tout le Negro france,RACISM
76,rt fait photo tapis prière main immédiatement voir ce renoi vraiment,RACISM
77,rt fait photo tapis prière main immédiatement voir ce renoi vraiment,RACISM
78,devine quel salaire parle de migrer et nourrir les soins de lavage à blanc logés gratuitement,RACISM
79,devine quel salaire parle de migrer et d'alimenter les traitements de blanchiment gratuit,RACISM
80,n toates migrants Esclaves alors que indigènes,RACISM
81,n toates migrants Esclaves alors qu'autochtones,RACISM
82,rt bassem ba in wejdene after rebeu renoi,RACISM
83,rt bassem ba in wejdene after rebeu renoi,RACISM
84,Il y a des renoms critiques décoususus nom de cheveux logobi gt,RACISM
85,Il ya une renommée critique decoususus nom de cheveux logobi gt,RACISM
86,"Quand il a dit que Wejdene est sorti reubeu renoi, j'ai pensé que c'était une blague vu que c'était écran",RACISM
87,"Quand il a dit que Wejdene est sorti reubeu renoi, j'ai pensé que c'était une blague depuis que c'était écran",RACISM
88,Il va rapprocher les gens par indignation ptdrrrrr garde pàache loà c,RACISM
89,Il rapprochera les gens par l'indignation ptdrrrrrrr garde pàache loà c,RACISM
90,J'imagine qu'il n'y a pas de renois pour donner des conseils trop sérieux.,RACISM
91,Je suppose qu'il n'y a pas de renoncement à donner des conseils trop sérieux.,RACISM
92,"Le problème, c'est qu'elle n'a qu'un mec qui joue à la pute russe de 20 ans.",RACISM
93,"Le problème, c'est qu'elle n'a qu'un mec qui joue à la pute russe de 20 ans.",RACISM
94,Attendre pour renoi a accepté de faire la même chose,RACISM
95,Attendre pour renoi a accepté de faire la même chose,RACISM
96,Attendre pour renoi a accepté de faire la même chose,RACISM
97,Attendre pour renoi a accepté de faire la même chose,RACISM
98,j confesse as ca tete hoode pense que cest migrant Marocaine j confesse j confesseðÿ 1ðÿ oeðÿ ðÿ 1ðÿ oeðÿ ðÿ oeðÿ ðÿ ðÿ 1,RACISM
99,j confesse as ca tete howe pense qu'il s'agit d'un migrant marocain i confesse j confesseðÿ 1ðÿ oeðÿ ðÿ 1ðÿ oeðÿ ðÿ oeðÿ ðÿ ðÿ 1,RACISM
100,oui violence envers le blanc français n existe pa comme d'habitude,RACISM
101,oui la violence envers le blanc français n existe pa comme d'habitude,RACISM
102,défendre renois rebeus français,RACISM
103,défendre renois rebeus français,RACISM
104,m concentrés cdm chpas negro normal,RACISM
105,m cdm concentré chpas negro normal,RACISM
106,bientôt il va rassembler les gens par indignant ptdrrrrr garde pàache loà c,RACISM
107,bientôt il rassemblera les gens par indignant ptdrrrrr garde pàache loà c,RACISM
108,t e renoi favoris revendeur ðÿ ðÿ,RACISM
109,t e renoi favoris revendeur ðÿ ðÿ,RACISM
110,c'est marocain dire que c'est complexe renoi,RACISM
111,c'est marocain dire que c'est complexe renoi,RACISM
112,C'est pourquoi vous devez réduire zéro migrant aujourd'hui.,RACISM
113,C'est pourquoi vous devez réduire zéro migrant aujourd'hui.,RACISM
114,plus j'imagine ne pas renois donner des conseils trop sérieux,RACISM
115,plus j'imagine ne pas donner de conseils renois trop sérieux,RACISM
116,rooh tri tweet homophobe J'ai défendu renois rebeus français,RACISM
117,rooh tri tweet homophobe J'ai défendu renois rebeus Français,RACISM
118,mdrr j crois tt rebeu renoi font mala scammer mtn,RACISM
119,mdrr j crois tt rebeu renoi fait mala scammer mtn,RACISM
120,C'est pourquoi vous devez réduire le nombre de migrants migrants à zéro aujourd'hui pour arriver à leur culture.,RACISM
121,C'est pourquoi vous devez réduire le nombre de migrants à zéro aujourd'hui pour atteindre leur culture.,RACISM
122,Accueil officiel akhy,RACISM
123,Accueil officiel,RACISM
124,Les humains reviennent fc negro deuspi,RACISM
125,Les humains reviennent fc negro deuspi,RACISM
126,rt met des objets renoi,RACISM
127,rt met des objets renoi,RACISM
128,"Pourquoi tweet ressemble-t-il à ce antisémite arabe d'ahmed parlant pâle, il y a un rire",RACISM
129,"Pourquoi ce tweet ressemble-t-il à un Ahmed arabe antisémite, il y a un rire",RACISM
130,grosse ta merde sale grosse merde raciste sort photo date,RACISM
131,grosse ta merde sale grosse merde raciste sort photo date,RACISM
132,bobine trop traumatisée renois,RACISM
133,une bobine trop traumatisée,RACISM
134,croire pour capturer qu'il renois musulman,RACISM
135,croire pour capturer qu'il renois musulman,RACISM
136,så ur sert à discuter de rien de fou Algérien ils,RACISM
137,så ur sert à discuter de rien de fou Algérien ils,RACISM
138,tous les renois complexes citation donc c'est totalement vrai qu'il dit Mdr tape trou dballe,RACISM
139,tous les renois complexes citation donc c'est totalement vrai qu'il dit Mdr tape trou dballe,RACISM
140,grand dit couleur peau Les joueurs français représentent la france,RACISM
141,grand dit couleur de peau Les joueurs français représentent la france,RACISM
142,Pourquoi prouver que c'est renoi? C'est bizarre.,RACISM
143,Pourquoi ne peux-tu pas prouver qu'il renaît?,RACISM
144,les gens disent encore frère fi allah si les gens noirs cela signifie ce,RACISM
145,Les gens disent toujours frère fi allah si les gens noirs veulent dire que,RACISM
146,j'appelle tous les rebeux renois 75 91 92 93 94 a,RACISM
147,J'appelle toutes les rebows 75 91 92 93 94 a,RACISM
148,rt parle dès que les cheveux renoi lissés,RACISM
149,rt parle dès que les cheveux sont lissés,RACISM
150,prouver que renoi,RACISM
151,prouver que renoi,RACISM
152,rt james bond c est renoi aussi ce que ce passe est,RACISM
153,rt james bond c est aussi renié ce que ce passe est,RACISM
154,Big c est juif situé Maroc nan,RACISM
155,Big c est juif situé Maroc nan,RACISM
156,"Peut-être que si la france n'accueillait pas autant de migrants, ça ne servirait à rien.",RACISM
157,"Peut-être que si la france n'accueillait pas autant de migrants, cela ne serait pas utile.",RACISM
158,"Ouais, nègre.",RACISM
159,"Ouais, nègre.",RACISM
160,rapport actuel des cheveux sur la base,RACISM
161,rapport actuel des cheveux sur la base,RACISM
162,la logique revient rebeus évident ici c'est le raisonnement pré-islamique,RACISM
163,logique revient rebeus évident ici est le raisonnement pré-islamique,RACISM
164,made photo tapis prière main immédiatement voir ce renoi vraiment,RACISM
165,made photo tapis prière main immédiatement voir ce renoi vraiment,RACISM
166,Les médecins suisses s'occupent de Suisse ça sent le réfugié français genr,RACISM
167,Les médecins suisses s'occupent de la Suisse ça sent les réfugiés français,RACISM
168,rt ptdrrrr c est noir donc perruque Septembre septembre defrisé taille renoi assume tasse,RACISM
169,rt ptdrrr c est noir donc perruque Septembre septembre defrisé taille renoi assume tasse,RACISM
170,J'espère revenir à un renégat comme j'y vais.,RACISM
171,J'espère revenir à un renégat comme j'y vais.,RACISM
172,rt m adresse hommes réel g réel negro jamais faire des choses comme,RACISM
173,rt m adresse hommes réel g réel negro jamais faire des choses comme,RACISM
174,Oui alors il est vrai qu'il n'y a pas de renoi musulman Tsais,RACISM
175,Oui alors il est vrai qu'il n'y a pas de renoi musulman Tsais,RACISM
176,puis grand raciste ðÿ ðÿ ðÿ,RACISM
177,puis grand raciste ðÿ ðÿ ðÿ,RACISM
178,pas de migrants séjournant en france ne fait que passer par eux,RACISM
179,pas de migrants séjournant en France ne passe par eux,RACISM
180,rt pourquoi quand rebeux parlera renois etc comme prouver n est mal,RACISM
181,rt pourquoi quand rebeux parlera renois etc. comme prouver n est faux,RACISM
182,rt ptdrrrr c est noir donc perruque Septembre septembre defrisé taille renoi assume tasse,RACISM
183,rt ptdrrr c est noir donc perruque Septembre septembre defrisé taille renoi assume tasse,RACISM
184,rt porte volontaireðÿ dirait petite frontière de réfugiés yéménites ðÿ,RACISM
185,La petite frontière des réfugiés yéménites serait ðÿ,RACISM
186,Ah oe encore renoi,RACISM
187,"Encore une fois, renégat.",RACISM
188,dès qu'un rebeu fait 3 4 match de sélection annoncé à,RACISM
189,dès qu'un rebeu fait 3 4 match de sélection annoncé à,RACISM
190,va rester longtemps migrant goà t campagne de luxe c est,RACISM
191,va rester longtemps migrant goà t campagne de luxe c est,RACISM
192,étudiants j'ai beaucoup de doute plutôt que les sangsues profit générosité franc,RACISM
193,"étudiant, j'ai beaucoup de doute plutôt que de leeches profit générosité franc",RACISM
194,cindy ombre d'origine guadeloupéenne aussi ðÿ si grand qu'il ne fait rien ðÿ ðÿ ðÿ,RACISM
195,cindy ombre d'origine guadeloupéenne aussi ðÿ si grand qu'il ne fait rien ðÿ ðÿ ðÿ,RACISM
196,T renoi,RACISM
197,T renoi,RACISM
198,rt ratio aussi l'époque a pris ribery rebeu,RACISM
199,rt ratio a également pris l'ère ribery rebeu,RACISM
200,fait c est renois inventé arabe,RACISM
201,fait c est renois inventé arabe,RACISM
202,Migrantðÿ ðÿ,RACISM
203,Migrantðÿ ðÿ,RACISM
204,softblock direct awe made t e renoi jte softblock,RACISM
205,softblock direct awe made t e renoi jte softblock,RACISM
206,Vouloir dormir mdrr c est bon gros maghreb derrière compte,RACISM
207,Vouloir dormir mdrr c est grand gros maghreb derrière compte,RACISM
208,C'est le comportement d'un bien réfugié que celui d'un envahisseur veut imposer la conception,RACISM
209,C'est le comportement d'une propriété de réfugiés qu'un envahisseur veut imposer la conception,RACISM
210,les rappeurs devraient remplacer n concert de grand frère,RACISM
211,les rappeurs devraient remplacer n concert de grand frère,RACISM
212,rt jsuis mort won guadeloupe trip grand il a dit retour salaire,RACISM
213,jsuis mort won guadeloupe trip grand il a dit salaire de retour,RACISM
214,ah nan y renoi transles vrmt vrmt,RACISM
215,ah nan y renoi transles vrmt vrmt,RACISM
216,rt deviendra un migrant mieux logé ðÿ ðÿ ðÿ,RACISM
217,rt deviendra un migrant mieux logé ðÿ ðÿ ðÿ,RACISM
218,migrant demain petite chambre 120m2 vue trop bien chauffée prendre,RACISM
219,migrant demain petite chambre 120m2 vue trop bien chauffée prendre,RACISM
220,ptdrr déjà fait noir femmes fond influence rebeu ðÿ ðÿ ðÿ ðÿ,RACISM
221,ptdrr déjà noir femmes fond influence rebeu ðÿ ðÿ ðÿ ðÿ,RACISM
222,pari smic c renaît derrière,RACISM
223,pari smic c renaît derrière,RACISM
224,loyer ibis vissage ptn c est un genre de marché de message de negro,RACISM
225,louer ibis visseuse ptn c est une sorte de marché de message de Negro,RACISM
226,si pop verre visage nègre ami blanc garçon compromis,RACISM
227,si pop verre visage nègre ami blanc garçon compromis,RACISM
228,Parlez à partir de cheveux lissés renéo,RACISM
229,Parler à partir de cheveux doux renéo,RACISM
230,rt ptdrrrr c est noir donc perruque Septembre septembre defrisé taille renoi assume tasse,RACISM
231,rt ptdrrr c est noir donc perruque Septembre septembre defrisé taille renoi assume tasse,RACISM
232,rt c is versailles ici si vous voulez vivre une nouvelle vie française devient un migrant mondial,RACISM
233,rt c is versailles ici si vous voulez vivre une nouvelle vie française devient un migrant mondial,RACISM
234,Seules les barbes odorantes disent que les odeurs noires vont voir des putes,RACISM
235,Seules les barbes puantes disent que les odeurs noires vont voir des putes,RACISM
236,Elle dit qu'elle est attachée puisqu'il n'est pas musulman qu'il renaît.,RACISM
237,Elle dit qu'elle est attachée parce qu'il n'est pas musulman qu'il renaît.,RACISM
238,Les petits bourgeois blancs font parler comme des cassos correspondent à l'image raciste qu'il a,RACISM
239,Les petits bourgeois blancs font parler comme des cassos correspondent à l'image raciste qu'il a,RACISM
240,"comment les migrants arrivant d'Algérie peuvent faire l'objet d'une discrimination à l'égard de la france, en particulier 9 3",RACISM
241,"comment les migrants arrivant d'Algérie peuvent faire l'objet d'une discrimination à l'égard de la france, en particulier 9 3",RACISM
242,grand soutien raciste entre elle est très bon,RACISM
243,un grand soutien raciste entre elle est très bon,RACISM
244,rt j am attached t e renoi t e Musulman pry préfère à dealer pitié gère la musique nous,RACISM
245,rt j am attached t e renoi t e Musulman pry préfère à dealer pitié gère la musique nous,RACISM
246,L'avis interdit l'utilisation du mot nigger avec l'interdiction du mot nigger culture blanchie chau,RACISM
247,L'avis interdit l'utilisation du mot nigger avec l'interdiction du mot nigger culture blanchie chau,RACISM
248,Journée internationale des migrants et lutte contre les violations des droits,RACISM
249,Journée internationale des migrants et lutte contre les violations des droits de l'homme,RACISM
250,rt j am attached t e renoi t e Musulman pry préfère à dealer pitié gère la musique nous,RACISM
251,rt j am attached t e renoi t e Musulman pry préfère à dealer pitié gère la musique nous,RACISM
252,rt j am attached t e renoi t e Musulman pry préfère à dealer pitié gère la musique nous,RACISM
253,rt j am attached t e renoi t e Musulman pry préfère à dealer pitié gère la musique nous,RACISM
254,rt j am attached t e renoi t e Musulman pry préfère à dealer pitié gère la musique nous,RACISM
255,rt j am attached t e renoi t e Musulman pry préfère à dealer pitié gère la musique nous,RACISM
256,rt j am attached t e renoi t e Musulman pry préfère à dealer pitié gère la musique nous,RACISM
257,rt j am attached t e renoi t e Musulman pry préfère à dealer pitié gère la musique nous,RACISM
258,rt j am attached t e renoi t e Musulman pry préfère à dealer pitié gère la musique nous,RACISM
259,rt j am attached t e renoi t e Musulman pry préfère à dealer pitié gère la musique nous,RACISM
260,rt j am attached t e renoi t e Musulman pry préfère à dealer pitié gère la musique nous,RACISM
261,rt j am attached t e renoi t e Musulman pry préfère à dealer pitié gère la musique nous,RACISM
262,rt j am attached t e renoi t e Musulman pry préfère à dealer pitié gère la musique nous,RACISM
263,rt j am attached t e renoi t e Musulman pry préfère à dealer pitié gère la musique nous,RACISM
264,rt j am attached t e renoi t e Musulman pry préfère à dealer pitié gère la musique nous,RACISM
265,rt j am attached t e renoi t e Musulman pry préfère à dealer pitié gère la musique nous,RACISM
266,rt j am attached t e renoi t e Musulman pry préfère à dealer pitié gère la musique nous,RACISM
267,rt j am attached t e renoi t e Musulman pry préfère à dealer pitié gère la musique nous,RACISM
268,rt j am attached t e renoi t e Musulman pry préfère à dealer pitié gère la musique nous,RACISM
269,rt j am attached t e renoi t e Musulman pry préfère à dealer pitié gère la musique nous,RACISM
270,rt j am attached t e renoi t e Musulman pry préfère à dealer pitié gère la musique nous,RACISM
271,rt j am attached t e renoi t e Musulman pry préfère à dealer pitié gère la musique nous,RACISM
272,rt j am attached t e renoi t e Musulman pry préfère à dealer pitié gère la musique nous,RACISM
273,rt j am attached t e renoi t e Musulman pry préfère à dealer pitié gère la musique nous,RACISM
274,rt c est drôle footix relais vidéos d'Argentines mettent en évidence les grands racistes sans noter,RACISM
275,rt c est drôle footballix relais vidéos de l'Argentine mettent en évidence les grands racistes sans remarquer,RACISM
276,rt j am attached t e renoi t e Musulman pry préfère à dealer pitié gère la musique nous,RACISM
277,rt j am attached t e renoi t e Musulman pry préfère à dealer pitié gère la musique nous,RACISM
278,rt j am attached t e renoi t e Musulman pry préfère à dealer pitié gère la musique nous,RACISM
279,rt j am attached t e renoi t e Musulman pry préfère à dealer pitié gère la musique nous,RACISM
280,de grands fachos racistes vont faire makelélée mettre,RACISM
281,de grands fachos racistes feront makelee mettre,RACISM
282,rt j am attached t e renoi t e Musulman pry préfère à dealer pitié gère la musique nous,RACISM
283,rt j am attached t e renoi t e Musulman pry préfère à dealer pitié gère la musique nous,RACISM
284,rt j am attached t e renoi t e Musulman pry préfère à dealer pitié gère la musique nous,RACISM
285,rt j am attached t e renoi t e Musulman pry préfère à dealer pitié gère la musique nous,RACISM
286,rt j am attached t e renoi t e Musulman pry préfère à dealer pitié gère la musique nous,RACISM
287,rt j am attached t e renoi t e Musulman pry préfère à dealer pitié gère la musique nous,RACISM
288,jour où affronteront de grands racistes comme la vie de travail dans le monde tout,RACISM
289,Jour où de grands racistes comme la vie active dans le monde seront confrontés à tous,RACISM
290,rt j am attached t e renoi t e Musulman pry préfère à dealer pitié gère la musique nous,RACISM
291,rt j am attached t e renoi t e Musulman pry préfère à dealer pitié gère la musique nous,RACISM
292,rt j am attached t e renoi t e Musulman pry préfère à dealer pitié gère la musique nous,RACISM
293,rt j am attached t e renoi t e Musulman pry préfère à dealer pitié gère la musique nous,RACISM
294,tt tf1 prend james saut noir nourri que nous disons que c'est une grande chaîne raciste,RACISM
295,tt tf1 prend des james nourris saut noir que nous disons que c'est une grande chaîne raciste,RACISM
296,à un bon gros indice que le colonialisme trouve,RACISM
297,à un bon gros indice que le colonialisme trouve,RACISM
298,rt j am attached t e renoi t e Musulman pry préfère à dealer pitié gère la musique nous,RACISM
299,rt j am attached t e renoi t e Musulman pry préfère à dealer pitié gère la musique nous,RACISM
300,rt j am attached t e renoi t e Musulman pry préfère à dealer pitié gère la musique nous,RACISM
301,rt j am attached t e renoi t e Musulman pry préfère à dealer pitié gère la musique nous,RACISM
302,superstitieuse rt c'est vraiment fini le drake argentin c est le plus grand chat noir a fait du collage,RACISM
303,superstitieuse c'est vraiment au-dessus du drak argentin c'est le plus grand chat noir fait de collage,RACISM
304,rt j am attached t e renoi t e Musulman pry préfère à dealer pitié gère la musique nous,RACISM
305,rt j am attached t e renoi t e Musulman pry préfère à dealer pitié gère la musique nous,RACISM
306,rt j am attached t e renoi t e Musulman pry préfère à dealer pitié gère la musique nous,RACISM
307,rt j am attached t e renoi t e Musulman pry préfère à dealer pitié gère la musique nous,RACISM
308,rt met des objets renoi,RACISM
309,rt met des objets renoi,RACISM
310,rt j am attached t e renoi t e Musulman pry préfère à dealer pitié gère la musique nous,RACISM
311,rt j am attached t e renoi t e Musulman pry préfère à dealer pitié gère la musique nous,RACISM
312,rt j am attached t e renoi t e Musulman pry préfère à dealer pitié gère la musique nous,RACISM
313,rt j am attached t e renoi t e Musulman pry préfère à dealer pitié gère la musique nous,RACISM
314,rt j am attached t e renoi t e Musulman pry préfère à dealer pitié gère la musique nous,RACISM
315,rt j am attached t e renoi t e Musulman pry préfère à dealer pitié gère la musique nous,RACISM
316,rt j am attached t e renoi t e Musulman pry préfère à dealer pitié gère la musique nous,RACISM
317,rt j am attached t e renoi t e Musulman pry préfère à dealer pitié gère la musique nous,RACISM
318,rt met des objets renoi,RACISM
319,rt met des objets renoi,RACISM
320,avoir peur si faire du bon travail si v assurer les gens,RACISM
321,avoir peur si faire un bon travail si v assurer les gens,RACISM
322,rt j am attached t e renoi t e Musulman pry préfère à dealer pitié gère la musique nous,RACISM
323,rt j am attached t e renoi t e Musulman pry préfère à dealer pitié gère la musique nous,RACISM
324,rt j am attached t e renoi t e Musulman pry préfère à dealer pitié gère la musique nous,RACISM
325,rt j am attached t e renoi t e Musulman pry préfère à dealer pitié gère la musique nous,RACISM
326,rt j am attached t e renoi t e Musulman pry préfère à dealer pitié gère la musique nous,RACISM
327,rt j am attached t e renoi t e Musulman pry préfère à dealer pitié gère la musique nous,RACISM
328,rt met des objets renoi,RACISM
329,rt met des objets renoi,RACISM
330,rt j am attached t e renoi t e Musulman pry préfère à dealer pitié gère la musique nous,RACISM
331,rt j am attached t e renoi t e Musulman pry préfère à dealer pitié gère la musique nous,RACISM
332,rt met des objets renoi,RACISM
333,rt met des objets renoi,RACISM
334,rt met des objets renoi,RACISM
335,rt met des objets renoi,RACISM
336,rt j am attached t e renoi t e Musulman pry préfère à dealer pitié gère la musique nous,RACISM
337,rt j am attached t e renoi t e Musulman pry préfère à dealer pitié gère la musique nous,RACISM
338,tt tf1 prend james saut noir nourri que nous disons que c'est une grande chaîne raciste,RACISM
339,tt tf1 prend des james nourris saut noir que nous disons que c'est une grande chaîne raciste,RACISM
340,Tout cela est cause de renois cheveux plaqués,RACISM
341,Tout cela est cause de renois cheveux plaqués,RACISM
342,rt j am attached t e renoi t e Musulman pry préfère à dealer pitié gère la musique nous,RACISM
343,rt j am attached t e renoi t e Musulman pry préfère à dealer pitié gère la musique nous,RACISM
344,rt j am attached t e renoi t e Musulman pry préfère à dealer pitié gère la musique nous,RACISM
345,rt j am attached t e renoi t e Musulman pry préfère à dealer pitié gère la musique nous,RACISM
346,rt j am attached t e renoi t e Musulman pry préfère à dealer pitié gère la musique nous,RACISM
347,rt j am attached t e renoi t e Musulman pry préfère à dealer pitié gère la musique nous,RACISM
348,rt j am attached t e renoi t e Musulman pry préfère à dealer pitié gère la musique nous,RACISM
349,rt j am attached t e renoi t e Musulman pry préfère à dealer pitié gère la musique nous,RACISM
350,rt met des objets renoi,RACISM
351,rt met des objets renoi,RACISM
352,rt j am attached t e renoi t e Musulman pry préfère à dealer pitié gère la musique nous,RACISM
353,rt j am attached t e renoi t e Musulman pry préfère à dealer pitié gère la musique nous,RACISM
354,rt j am attached t e renoi t e Musulman pry préfère à dealer pitié gère la musique nous,RACISM
355,rt j am attached t e renoi t e Musulman pry préfère à dealer pitié gère la musique nous,RACISM
356,rt j am attached t e renoi t e Musulman pry préfère à dealer pitié gère la musique nous,RACISM
357,rt j am attached t e renoi t e Musulman pry préfère à dealer pitié gère la musique nous,RACISM
358,rt j am attached t e renoi t e Musulman pry préfère à dealer pitié gère la musique nous,RACISM
359,rt j am attached t e renoi t e Musulman pry préfère à dealer pitié gère la musique nous,RACISM
360,rt j am attached t e renoi t e Musulman pry préfère à dealer pitié gère la musique nous,RACISM
361,rt j am attached t e renoi t e Musulman pry préfère à dealer pitié gère la musique nous,RACISM
362,rt espagne migrant Marocain détruit crèche marteau de Noël doit cesser de croire,RACISM
363,rt espagne migrant Marocain détruit marteau de Noël crèche doit cesser de croire,RACISM
364,rt j am attached t e renoi t e Musulman pry préfère à dealer pitié gère la musique nous,RACISM
365,rt j am attached t e renoi t e Musulman pry préfère à dealer pitié gère la musique nous,RACISM
366,rt j am attached t e renoi t e Musulman pry préfère à dealer pitié gère la musique nous,RACISM
367,rt j am attached t e renoi t e Musulman pry préfère à dealer pitié gère la musique nous,RACISM
368,rt met des objets renoi,RACISM
369,rt met des objets renoi,RACISM
370,rt j am attached t e renoi t e Musulman pry préfère à dealer pitié gère la musique nous,RACISM
371,rt j am attached t e renoi t e Musulman pry préfère à dealer pitié gère la musique nous,RACISM
372,rt j am attached t e renoi t e Musulman pry préfère à dealer pitié gère la musique nous,RACISM
373,rt j am attached t e renoi t e Musulman pry préfère à dealer pitié gère la musique nous,RACISM
374,Rien de rebeu renoi titre sait déjà puant merde,RACISM
375,Rien rebeu renoi titre sait déjà la merde puante,RACISM
376,et invitant à voir de plus grands racistes critiquer l'équipe française qu'ils sont,RACISM
377,et invitant à voir de plus grands racistes critiquer l'équipe française qu'ils sont,RACISM
378,rt j am attached t e renoi t e Musulman pry préfère à dealer pitié gère la musique nous,RACISM
379,rt j am attached t e renoi t e Musulman pry préfère à dealer pitié gère la musique nous,RACISM
380,rt met des objets renoi,RACISM
381,rt met des objets renoi,RACISM
382,grand dit si Argentin perdre c est cause africaine d'origine france,RACISM
383,grand dit si l'Argentine perd c est la cause africaine d'origine france,RACISM
384,rt j am attached t e renoi t e Musulman pry préfère à dealer pitié gère la musique nous,RACISM
385,rt j am attached t e renoi t e Musulman pry préfère à dealer pitié gère la musique nous,RACISM
386,rt j am attached t e renoi t e Musulman pry préfère à dealer pitié gère la musique nous,RACISM
387,rt j am attached t e renoi t e Musulman pry préfère à dealer pitié gère la musique nous,RACISM
388,rt j am attached t e renoi t e Musulman pry préfère à dealer pitié gère la musique nous,RACISM
389,rt j am attached t e renoi t e Musulman pry préfère à dealer pitié gère la musique nous,RACISM
390,màame 11 Moyenne espagnole pendant le lycée actif J'ai compris que c'était un grand raciste,RACISM
391,màame 11 Moyenne espagnole pendant le lycée actif J'ai réalisé qu'il était un grand raciste,RACISM
392,rt j am attached t e renoi t e Musulman pry préfère à dealer pitié gère la musique nous,RACISM
393,rt j am attached t e renoi t e Musulman pry préfère à dealer pitié gère la musique nous,RACISM
394,rt j am attached t e renoi t e Musulman pry préfère à dealer pitié gère la musique nous,RACISM
395,rt j am attached t e renoi t e Musulman pry préfère à dealer pitié gère la musique nous,RACISM
396,t assuré n existe plus grand chat noir homme,RACISM
397,t assuré n existe plus grand chat noir homme,RACISM
398,un Nazi reste encore présent Argentine grande preuve brute,RACISM
399,un Nazi reste encore présent Argentine grande preuve brute,RACISM
400,rt j am attached t e renoi t e Musulman pry préfère à dealer pitié gère la musique nous,RACISM
401,rt j am attached t e renoi t e Musulman pry préfère à dealer pitié gère la musique nous,RACISM
402,rt j am attached t e renoi t e Musulman pry préfère à dealer pitié gère la musique nous,RACISM
403,rt j am attached t e renoi t e Musulman pry préfère à dealer pitié gère la musique nous,RACISM
404,J'espère que si franc gagnera une grosse merde raciste en pleurant toutes les larmes de leur corps,RACISM
405,J'espère que si franc va gagner une grosse merde raciste en pleurant toutes les larmes de leur corps,RACISM
406,rt j am attached t e renoi t e Musulman pry préfère à dealer pitié gère la musique nous,RACISM
407,rt j am attached t e renoi t e Musulman pry préfère à dealer pitié gère la musique nous,RACISM
408,rt 3ème étoile rien baise les gros suceurs argentins,RACISM
409,rt 3ème étoile baise rien les gros suceurs argentins,RACISM
410,de grandes dictatures toutes appauvries tous planifient leurs peuples,RACISM
411,de grandes dictatures toutes appauvries tous planifient leurs peuples,RACISM
412,déchets de graines de hitler uk j espère que vladimir poutine va baiser bombe éliminer,RACISM
413,déchets de graines de hitler uk j espère que vladimir poutine va baiser bombe éliminer,RACISM
414,C'est complètement stupide quand plus t e contre l'équipe sud-américaine combien leur pari,RACISM
415,C'est complètement stupide quand plus t e contre l'équipe sud-américaine combien leur pari,RACISM
416,La femme 2022 est une abruti sans aucun gàane quand est ce que nous pouvons,RACISM
417,La femme 2022 est une abruti sans aucun gàane quand est ce que nous pouvons,RACISM
418,rt espagne migrant Marocain détruit crèche marteau de Noël doit cesser de croire,RACISM
419,rt espagne migrant Marocain détruit marteau de Noël crèche doit cesser de croire,RACISM
420,rt j am attached t e renoi t e Musulman pry préfère à dealer pitié gère la musique nous,RACISM
421,rt j am attached t e renoi t e Musulman pry préfère à dealer pitié gère la musique nous,RACISM
422,rt espagne migrant Marocain détruit crèche marteau de Noël doit cesser de croire,RACISM
423,rt espagne migrant Marocain détruit marteau de Noël crèche doit cesser de croire,RACISM
424,rt j am attached t e renoi t e Musulman pry préfère à dealer pitié gère la musique nous,RACISM
425,rt j am attached t e renoi t e Musulman pry préfère à dealer pitié gère la musique nous,RACISM
426,rt ptdrrrr c est noir donc perruque Septembre septembre defrisé taille renoi assume tasse,RACISM
427,rt ptdrrr c est noir donc perruque Septembre septembre defrisé taille renoi assume tasse,RACISM
428,rt espagne migrant Marocain détruit crèche marteau de Noël doit cesser de croire,RACISM
429,rt espagne migrant Marocain détruit marteau de Noël crèche doit cesser de croire,RACISM
430,J'espère que la france va battre l'argentin principalement parce que les derniers grands racistes ðÿ ðÿ,RACISM
431,J'espère que la france va battre l'argentin principalement parce que les derniers grands racistes ðÿ ðÿ,RACISM
432,J'espère que j'ai compris que cqu a dit grand raciste,RACISM
433,J'espère avoir compris que cque a dit grand raciste,RACISM
434,Il est vrai qu'un seul migrant est invité à devenir france ou l'europe lorsque les autochtones,RACISM
435,Il est vrai qu'un seul migrant est invité à devenir une france ou une Europe quand les indigènes,RACISM
436,rt espagne migrant Marocain détruit crèche marteau de Noël doit cesser de croire destru,RACISM
437,rt espagne migrant Marocain détruit marteau de Noël crèche doit cesser de croire destru,RACISM
438,rt espagne migrant Marocain détruit crèche marteau de Noël doit cesser de croire destru,RACISM
439,rt espagne migrant Marocain détruit marteau de Noël crèche doit cesser de croire destru,RACISM
440,rt espagne migrant Marocain détruit crèche marteau de Noël doit cesser de croire destru,RACISM
441,rt espagne migrant Marocain détruit marteau de Noël crèche doit cesser de croire destru,RACISM
442,rt espagne migrant Marocain détruit crèche marteau de Noël doit cesser de croire destru,RACISM
443,rt espagne migrant Marocain détruit marteau de Noël crèche doit cesser de croire destru,RACISM
444,rt espagne migrant Marocain détruit crèche marteau de Noël doit cesser de croire destru,RACISM
445,rt espagne migrant Marocain détruit marteau de Noël crèche doit cesser de croire destru,RACISM
446,rt espagne migrant Marocain détruit crèche marteau de Noël doit cesser de croire destru,RACISM
447,rt espagne migrant Marocain détruit marteau de Noël crèche doit cesser de croire destru,RACISM
448,rt espagne migrant Marocain détruit crèche marteau de Noël doit cesser de croire destru,RACISM
449,rt espagne migrant Marocain détruit marteau de Noël crèche doit cesser de croire destru,RACISM
450,rt espagne migrant Marocain détruit crèche marteau de Noël doit cesser de croire destru,RACISM
451,rt espagne migrant Marocain détruit marteau de Noël crèche doit cesser de croire destru,RACISM
452,compte faux renoi douleur brûlant ptdrrrr s'il vous plaît changer,RACISM
453,compte faux renoi brûlure douleur ptdrrrr s'il vous plaît changer,RACISM
454,rt petite så ur 20 ans d'étude vient raconter soir après france Maroc traversée route,RACISM
455,rt petite så ur 20 ans d'étude vient raconter soir après france Morocco traversée route,RACISM
456,renoi fête Miss Gadeloupe alors qu'il est très clair couleur qu'il ne touche pas,RACISM
457,renoi célèbre Miss Gadeloupe quand il est de couleur très claire qu'il ne touche pas,RACISM
458,l'homme dit plutôt que fdp vaatu merde agit comme une pute raciste seul mot meurent,RACISM
459,l'homme dit plutôt que fdp vaatu merde agit comme une pute raciste seul mot meurent,RACISM
460,rt j am attached t e renoi t e Musulman pry préfère à dealer pitié gère la musique nous,RACISM
461,rt j am attached t e renoi t e Musulman pry préfère à dealer pitié gère la musique nous,RACISM
462,rt met des objets renoi,RACISM
463,rt met des objets renoi,RACISM
464,rt j am attached t e renoi t e Musulman pry préfère à dealer pitié gère la musique nous,RACISM
465,rt j am attached t e renoi t e Musulman pry préfère à dealer pitié gère la musique nous,RACISM
466,rt j am attached t e renoi t e Musulman pry préfère à dealer pitié gère la musique nous,RACISM
467,rt j am attached t e renoi t e Musulman pry préfère à dealer pitié gère la musique nous,RACISM
468,rt n était migrant seulement ville socialiste française ðÿ ðÿ,RACISM
469,rt n était migrant seulement ville socialiste française ðÿ ðÿ,RACISM
470,rt n était migrant seulement ville socialiste française ðÿ ðÿ,RACISM
471,rt n était migrant seulement ville socialiste française ðÿ ðÿ,RACISM
472,rt j am attached t e renoi t e Musulman pry préfère à dealer pitié gère la musique nous,RACISM
473,rt j am attached t e renoi t e Musulman pry préfère à dealer pitié gère la musique nous,RACISM
474,Il s'agit d'un Français qui se soucie de soutenir le raciste argentin Messi appelé notamment drenthe,RACISM
475,C'est un Français qui se soucie de soutenir le raciste argentin Messi appelé notamment drenthe,RACISM
476,superstitieuse rt c'est vraiment fini le drake argentin c est le plus grand chat noir a fait du collage,RACISM
477,superstitieuse c'est vraiment au-dessus du drak argentin c'est le plus grand chat noir fait de collage,RACISM
478,rt met des objets renoi,RACISM
479,rt met des objets renoi,RACISM
480,c est le même presque partout où le Maghreb renois masse,RACISM
481,c est le même presque partout où la masse du Maghreb renois,RACISM
482,Mongols,RACISM
483,Mongols,RACISM
484,joueurs senegal né france raciste idee arabe merde,RACISM
485,joueurs senegal né france idée raciste,RACISM
486,rt met des objets renoi,RACISM
487,rt met des objets renoi,RACISM
488,rt j am attached t e renoi t e Musulman pry préfère à dealer pitié gère la musique nous,RACISM
489,rt j am attached t e renoi t e Musulman pry préfère à dealer pitié gère la musique nous,RACISM
490,rt ptdrrrr c est noir donc perruque Septembre septembre defrisé taille renoi assume tasse,RACISM
491,rt ptdrrr c est noir donc perruque Septembre septembre defrisé taille renoi assume tasse,RACISM
492,rebeu renoi devrait m'expliquer juste vouloir aimer dire prk compliquer jemima_mzi ðÿ,RACISM
493,rebeu renoi devrait m'expliquer juste vouloir dire prk compliquer jemima_mzi ðÿ,RACISM
494,Arabe sale et france fdp,RACISM
495,Sali arabe et france fdp,RACISM
496,rt met des objets renoi,RACISM
497,rt met des objets renoi,RACISM
498,personne quittant le camping vacances d'hiver,RACISM
499,personne quittant le camping vacances d'hiver,RACISM
500,alors montrez la joie de battre l'autre côté,RACISM
501,alors montrez la joie de battre l'autre côté,RACISM
502,Dis aux salopes noires qu'un gang d'opportunistes sans conviction les unis resteront toujours de vrais bons facs ðÿ aðÿ 1⁄4,RACISM
503,Dites aux salopes noires qu'un gang d'opportunistes sans conviction les unis resteront toujours de vrais bons facs ðÿ aðÿ 1⁄4,RACISM
504,si t un problème n'hésitez pas à aller en privé que vous pouvez voir peut être vraiment qualifié oesomber pute ðÿ 3,RACISM
505,si t un problème n'hésitez pas à aller en privé que vous pouvez voir peut être vraiment qualifié oesomber pute ðÿ 3,RACISM
