,Text,Label
0,daron tlm big quan bat daronne proc stack d hourthsteel batar,SEXISM
1,daron tlm big quan bat daronne proc stack d heuresteel batar,SEXISM
2,Tous les taffis tirés tous ont enlevé l'ordre tous passés à grande cunt d hanouna autre point co,SEXISM
3,Tous les tabois ont tiré tous ont enlevé l'ordre tous passés à grande chatte d hanouna autre point co,SEXISM
4,T a un gros ventre,SEXISM
5,T a un gros ventre,SEXISM
6,"Les États membres sont tenus d'appliquer les dispositions de l'article 1er, paragraphe 1, du règlement (UE) no 1308/2013 du Parlement européen et du Conseil en ce qui concerne l'application de l'article 1er, paragraphe 2, du règlement (UE) no 1308/2013.",SEXISM
7,"Les États membres appliquent les dispositions de l'article 1er, paragraphe 1, du règlement (UE) no 1308/2013 du Parlement européen et du Conseil en ce qui concerne l'application de l'article 1er, paragraphe 2, du règlement (UE) no 1308/2013.",SEXISM
8,gros bouffon,SEXISM
9,gros bouffon,SEXISM
10,Tous les joueurs nés france puis garder de gros commentaires de votre merde,SEXISM
11,Tous les joueurs nés france puis garder de grandes critiques de votre merde,SEXISM
12,i24 journalo grand média lèche bonbons pour être activiste contre l'apartheid fait,SEXISM
13,i24 journal grands médias lèche bonbons pour être activiste contre l'apartheid fait,SEXISM
14,RT veut buzz donne qu'elle veut qu'il est très bon qu'elle est folle g,SEXISM
15,RT veut buzz donne qu'elle veut que ce soit très bon qu'elle soit folle g,SEXISM
16,plus pesy l'histoire est qu'il a mis tout l'argent france il est écrit,SEXISM
17,plus de pesy l'histoire est qu'il a mis tout l'argent france il est écrit,SEXISM
18,rt 3ème étoile rien baise les gros suceurs argentins,SEXISM
19,rt 3ème étoile baise rien les gros suceurs argentins,SEXISM
20,n'a jamais vu la pauvreté voir ce,SEXISM
21,n'a jamais vu la pauvreté voir que,SEXISM
22,ptdrrr pas le temps dit c e mauvaise idée t e renoi e muslim pry,SEXISM
23,ptdrrr pas le temps dit c e mauvaise idée renoi e muslim pry,SEXISM
24,L'islamo gauchisme,SEXISM
25,Islamo Gauchisme,SEXISM
26,Ça doit être une putain de fils de pute d'avoir porté un maillot que l'Edf dit quelque chose comme ça,SEXISM
27,Ce doit être un fils de pute pour avoir porté un maillot que Edf dit quelque chose comme ça.,SEXISM
28,Arrête d'inciter les paris sportifs bande fils pute,SEXISM
29,Arrête d'inciter les paris sportifs bande fils pute,SEXISM
30,"Retourne au groupe de booty, laisse-le tranquille quand tu joues.",SEXISM
31,"Retourne au groupe, laisse-le tranquille quand tu joues.",SEXISM
32,"Ça va être mort, putain de grand fils.",SEXISM
33,"Ça va être mort, putain de grand fils.",SEXISM
34,rt j am attached t e renoi t e Musulman pry préfère à dealer pitié gère la musique nous,SEXISM
35,rt j am attached t e renoi t e Musulman pry préfère à dealer pitié gère la musique nous,SEXISM
36,s'il était un migrant clandestin s a été appelé djibril logé chà teau merci france ðÿ ðÿ ðÿ,SEXISM
37,"s'il était un migrant clandestin, il a été appelé djibril logé chà teau merci france ðÿ ðÿ ðÿ",SEXISM
38,rt 3ème étoile rien baise les gros suceurs argentins,SEXISM
39,rt 3ème étoile baise rien les gros suceurs argentins,SEXISM
40,rt 3ème étoile rien baise les gros suceurs argentins,SEXISM
41,rt 3ème étoile baise rien les gros suceurs argentins,SEXISM
42,doit rire de couple fausse pute pà dale l ukraine voir stupide chattes en europe,SEXISM
43,doit rire de couple fausse pute pà Dale l ukraine voir stupide chatte en europe,SEXISM
44,travail edenred offres 4 d augmentation de salaire est vraiment grand rat,SEXISM
45,travail edenred offres 4 d augmentation de salaire est vraiment grand rat,SEXISM
46,Si la vengeance renoi va faire pleurer la salope c'est ce qu'ils font des femmes dures q,SEXISM
47,Si Renegade va faire pleurer la salope c'est ce qu'ils font aux femmes dures q,SEXISM
48,que d'être un footballeur cet endroit stupide se plaignant,SEXISM
49,qu'être un footballeur cet endroit stupide se plaint,SEXISM
50,rt 3ème étoile rien baise les gros suceurs argentins,SEXISM
51,rt 3ème étoile baise rien les gros suceurs argentins,SEXISM
52,Combien il faut de teeete l'heure être réel l l heure être réel oh g envie fils pute,SEXISM
53,Combien il faut de temps pour être réel pour être réel oh g envie fils pute,SEXISM
54,doit être bon grand segpa faire que mdr,SEXISM
55,doit être bon grand segpa faire que mdr,SEXISM
56,rt j am attached t e renoi t e Musulman pry préfère à dealer pitié gère la musique nous,SEXISM
57,rt j am attached t e renoi t e Musulman pry préfère à dealer pitié gère la musique nous,SEXISM
58,si aller antillas fera pute de fils de avc,SEXISM
59,si aller à l'antillas vous fera fils de pute,SEXISM
60,trouvé l'original à ressembler à un gros faux ce dit comparé nazi bien à lea salamé,SEXISM
61,trouvé l'original à ressembler à un gros faux qui a dit comparé nazi bien à lea salamé,SEXISM
62,Rt sait très bien cuit c'est un grand nombre de menteurs arrêter grand mensonge Yousra Lkh juste dedans.,SEXISM
63,Rt sait très bien cuit il est un grand nombre de menteurs arrêter grand mensonge Yousra Lkh juste dedans.,SEXISM
64,rt devenir un migrant dans l'État ðÿ œ vous pouvez vivre chà teau ðÿ 1,SEXISM
65,pour devenir un migrant dans l'état ðÿ o vous pouvez vivre ðÿ 1,SEXISM
66,fils pute,SEXISM
67,fils pute,SEXISM
68,fervent écologiste tour veste breveté tàate a claqué absolu faux intégrale cul big u,SEXISM
69,fervent écologiste tour breveté veste tàate a claqué absolu faux intégrale cul big u,SEXISM
70,Sued comme gros porc c est gros pedo,SEXISM
71,Sued comme gros porc c est gros pedo,SEXISM
72,rt à gros gras malade vraiment je ressens une haine profonde contre tous les gen veulent améliorer si,SEXISM
73,rt à gros gras malade vraiment je ressens une haine profonde contre tous les gens veulent améliorer si,SEXISM
74,rt 3ème étoile rien baise les gros suceurs argentins,SEXISM
75,rt 3ème étoile baise rien les gros suceurs argentins,SEXISM
76,stan grp dla honte tsais poussin passe skz plus grande flop dla terre,SEXISM
77,stan grp dla honte tsais poussin passe skz plus grande flop dla terre,SEXISM
78,rt 3ème étoile rien baise les gros suceurs argentins,SEXISM
79,rt 3ème étoile baise rien les gros suceurs argentins,SEXISM
80,Fils de pute parce qu'on va perdre,SEXISM
81,Fils de pute parce qu'on va perdre,SEXISM
82,Pitoyable rt toujours ne fait pas pas tard adolescent excité comme 1 enfant pr pied fr meurt ne fait rien à ce sujet,SEXISM
83,pitoyable rt toujours ne rend pas tard adolescent excité comme 1 enfant avant pied fr meurt ne fait rien à ce sujet,SEXISM
84,pas si prendre soin de tirer gros orteil ptit faire,SEXISM
85,pas si prendre soin de tirer gros orteil ptit faire,SEXISM
86,104 match 2 mois sale gros puant,SEXISM
87,104 match 2 mois sale gros puant,SEXISM
88,toujours stupide regarder des vidéos fausses nouvelles complote vous,SEXISM
89,Toujours stupide regarder de fausses vidéos de nouvelles vous comploter,SEXISM
90,C'est une grosse fille.,SEXISM
91,C'est une grande fille.,SEXISM
92,fétichiste ptn totalement retardé gen betes cette planète,SEXISM
93,Le fétichiste ptn totalement retardé gen parie cette planète,SEXISM
94,Gros fils pute va,SEXISM
95,Gros fils pute va,SEXISM
96,Tous les taffis tirés tous ont enlevé l'ordre tous passés à grande cunt d hanouna autre point co,SEXISM
97,Tous les tabois ont tiré tous ont enlevé l'ordre tous passés à grande chatte d hanouna autre point co,SEXISM
98,"Va te faire foutre, fils de pute.",SEXISM
99,"Va te faire foutre, fils de pute.",SEXISM
100,Pourquoi l'université envoie-t-elle des e-mails delestages fils pute,SEXISM
101,Pourquoi l'université envoie-t-elle des e-mails au fils sans sexe pute,SEXISM
102,La garce sinistre ferait mieux d'aller le faire.,SEXISM
103,La garce sinistre ferait mieux d'aller le faire.,SEXISM
104,schlasser do fdp migrant,SEXISM
105,schlasser do fdp migrant,SEXISM
106,Rt métro bondé quelqu'un avait grandi gen est entré la masse là-bas comme sincresse alors,SEXISM
107,Rt métro bondé quelqu'un avait grandi gen est entré dans la masse là-bas comme un sinistre alors,SEXISM
108,rt jme do spam d invite xbox quand je suis à la hauteur pour battre record gang grands fils putes,SEXISM
109,rt jme do spam d invite xbox quand je suis à la hauteur pour battre record gang grands fils putes,SEXISM
110,rt devenir un migrant dans l'État ðÿ œ vous pouvez vivre chà teau ðÿ 1,SEXISM
111,pour devenir un migrant dans l'état ðÿ o vous pouvez vivre ðÿ 1,SEXISM
112,Donc tu vas devoir les sortir de leur haine pour ne pas dire la vérité.,SEXISM
113,Donc tu vas devoir les sortir de leur haine pour ne pas dire la vérité.,SEXISM
114,cette fierté fils pute prête J'espère qu'un voyage savouré en enfer,SEXISM
115,J'espère qu'il ira en enfer.,SEXISM
116,"Ouais, c'est un grand raciste aussi.",SEXISM
117,"Oui, c'est un grand raciste aussi.",SEXISM
118,Karim benzema énorme fils pute,SEXISM
119,Karim benzema énorme fils pute,SEXISM
120,bonne journée finale tous les strip-teaseurs l'Argentina avec de gros suceurs veulent même entendre après tripling kyks,SEXISM
121,bonne dernière journée tous les strip-teaseurs l'Argentine avec de gros suceurs même veulent entendre après tripling kyks,SEXISM
122,Espèce d'enfoiré!,SEXISM
123,Fils de pute!,SEXISM
124,Niquez mère sait conduire encore sale fils pute que frotter voiture,SEXISM
125,Niquez mère sait conduire encore sale fils pute cette voiture de frottement,SEXISM
126,"Cet après-midi, les plus grandes ventes d'Argentine cette année sont mondiales.",SEXISM
127,"Cet après-midi, les plus grandes ventes d'Argentine cette année sont mondiales.",SEXISM
128,"Va te faire foutre, mère, vieille pute mentale, crois Batman.",SEXISM
129,"Va te faire foutre, mère, vieille salope mentale, crois Batman.",SEXISM
130,maes c est plus grand comportement de rappeur brillant tellement devenir humiliable,SEXISM
131,maes c est plus grand comportement de rappeur brillant donc devenir humiliable,SEXISM
132,c est bon orteil gros chatte fdps aurait déjà sorti l'anglet,SEXISM
133,C'est un bon gros orteil de chatte fdps aurait déjà sorti l'anglet,SEXISM
134,là-bas ma chère salope h24 c e,SEXISM
135,là-bas ma chère salope h24 c e,SEXISM
136,rt l string gros plan l'énorme lustre allumé sobriété journée entière il fonctionne qui a vidé,SEXISM
137,rt l thong gros plan l'énorme lustre illuminé sobriety toute la journée il fonctionne qui a vidé,SEXISM
138,La violence domestique c est les victimes malades parlent l'homme grève la victime parle la société,SEXISM
139,La violence domestique est des victimes malades parlent l'homme grève victime parle la société,SEXISM
140,oui fils sale pute vivra la Chine si heureux,SEXISM
141,Oui fils de pute vivra la Chine si heureuse,SEXISM
142,"D'abord, c'est une mère enceinte qu'elle ne pouvait pas éduquer ou apprendre à comprendre.",SEXISM
143,"Premièrement, elle était une mère enceinte qu'elle ne pouvait éduquer ni apprendre à comprendre.",SEXISM
144,T'es un gros fils de pute qui parle.,SEXISM
145,Tu es un gros fils de pute qui parle.,SEXISM
146,La troisième fois rage folle que j'insultais garçon voulait battre même déplacé ou même repoussé gras là ches,SEXISM
147,La troisième rage folle que j'ai insulté garçon voulait battre même déplacée ou même repoussée gras là ches,SEXISM
148,Rho ferme ta bouche qui te sonne salope,SEXISM
149,Rho ferme ta bouche qui te sonne salope,SEXISM
150,impossible eiko grand pedo kiffe,SEXISM
151,impossible eiko grand pedo kiffe,SEXISM
152,Je veux gifler comme je déteste la base il l'aimait là-bas je ne peux pas faire trop de pain,SEXISM
153,Je veux gifler comme je déteste la base qu'il aimait là-bas je ne peux pas faire trop de pain,SEXISM
154,rt jeux plus toxiques harcèlement haineux chez les jeunes 10 17 ans 1 valeur 2 dota 2 3 fortnite deu,SEXISM
155,rt jeux plus toxiques harcèlement haineux chez les jeunes 10 17 ans 1 valeur 2 dota 2 3 fortnite deu,SEXISM
156,Wonder patate big hold restaurant votre mère preshot trop ðÿ,SEXISM
157,Wonder patate big hold restaurant votre mère preshot trop ðÿ,SEXISM
158,Un gros bum a fait que la première fois qu'on a vu des renforts s'en est sorti.,SEXISM
159,Un gros bum a fait passer la première fois que nous avons vu des renforts.,SEXISM
160,Stupide professeur ivre,SEXISM
161,Stupide professeur ivre,SEXISM
162,si grand que ceux qui approuvent l'idéologie ont réveillé des connards bel esprit,SEXISM
163,si grand que ceux qui approuvent l'idéologie ont réveillé des connards gentils,SEXISM
164,mddr quand il a dit neil armstrong s est posé lune c était le visage caché grand fils de chienne front,SEXISM
165,mddr quand il a dit neil armstrong s est posé lune c'était le visage caché grand fils de chien front,SEXISM
166,rt c est devenu de gros suceurs de bites je rage trop tellement fan pupette juste fou mentalement y u,SEXISM
167,rt c est devenu gros suceurs de bites je rage trop fan pupette juste fou mentalement y u,SEXISM
168,Oui fils pute,SEXISM
169,Oui fils de pute,SEXISM
170,Et puis ils se plaignent les gars là-bas gros caros,SEXISM
171,Et puis ils se plaignent des gars là-bas gros caros,SEXISM
172,Gros porc bogoss ooeï,SEXISM
173,Gros porc bogoss ooei,SEXISM
174,rt besoin femme appelle petit nom geenre fils pute,SEXISM
175,rt besoin femme appelle petit nom geenre fils pute,SEXISM
176,Stupide sergent,SEXISM
177,Stupide sergent,SEXISM
178,gratuit t e bon grand fdp,SEXISM
179,gratuit t e good big fdp,SEXISM
180,T e vraiment stupide relis propre tweet sale idiot,SEXISM
181,T e vraiment stupide relis propre tweet sale idiot,SEXISM
182,la raison pour laquelle arrêter de dorloter fils putain messi c'est,SEXISM
183,la raison pour laquelle arrêter de dorloter son putain de messi c'est,SEXISM
184,d être un grand fou mentalement fou sujet au panarabisme,SEXISM
185,être un grand sujet de folie mentale au panarabisme,SEXISM
186,suce trop si étrange sinon si dit tra,SEXISM
187,c'est trop étrange sinon si ça dit tra,SEXISM
188,"Gros, super-malware baises",SEXISM
189,"Gros, super-malware baises",SEXISM
190,Nique mère a dit qu'elle revenait pour croire qu'elle avait attendu et qu'elle devait déjà s'arrêter.,SEXISM
191,Une bonne mère a dit qu'elle était revenue pour croire qu'elle avait attendu et qu'elle devait déjà s'arrêter.,SEXISM
192,Tais-toi putain de pute idolâtre laid,SEXISM
193,"Ferme ta gueule, sale pute d'idolâtre.",SEXISM
194,sérieux c'est bien de poster que 24h d'une grosse finale fdp de CDm,SEXISM
195,sérieux il est bon de poster que 24h d'un gros CDm fdp final,SEXISM
196,a encore 10 ans extrêmement peu d'indécence de collectionneur de plus de 150 quand faire c,SEXISM
197,a encore 10 ans extrêmement peu d'infidélité de collectionneur de plus de 150 lorsqu'il fait c,SEXISM
198,Quel fils de pute va foutre en l'air,SEXISM
199,Quel fils de pute va foutre en l'air.,SEXISM
200,Rt toujours bon de se rappeler que Gen a frappé leurs animaux gros fils putes,SEXISM
201,Toujours bon de se rappeler que Gen a frappé leurs grosses putes,SEXISM
202,Allons vomir cette satanée sandrine.,SEXISM
203,Allons vomir cette foutue sandrine.,SEXISM
204,"Oui, gros trou du cul.",SEXISM
205,"Ouais, gros trou du cul.",SEXISM
206,fils sale pute parle bien chui shab ptit bâtard,SEXISM
207,fils pute sale parle bien chui shab ptit bâtard,SEXISM
208,les mouchoirs pour meurtre de pute,SEXISM
209,Mouchoirs pour meurtre de pute,SEXISM
210,devient fan attaque benzema après une nouvelle publication devient stupide,SEXISM
211,devient fan attaque benzema après une nouvelle publication devient stupide,SEXISM
212,il veut quel grand fdp ðÿ ðÿ 1⁄2 ï ðÿ ðÿ 1⁄2 ï ðÿ ðÿ 1⁄2 ï ðÿ ðÿ ðÿ ðÿ 1⁄2 ï,SEXISM
213,il veut ce que fdp ðÿ ðÿ 1⁄2 ï ðÿ ðÿ 1⁄2 ï ðÿ ðÿ 1⁄2 ï ðÿ ðÿ ðÿ ðÿ ðÿ ðÿ ðÿ 1⁄2 ï,SEXISM
214,fils pute mange chibres c est écrit donnant avis J'écoute plus da,SEXISM
215,fils pute mange chibres c est écrit donner la critique j'écoute plus da,SEXISM
216,Donc c'est plus hors de question d'être une chatte.,SEXISM
217,Donc c'est plus hors de la question d'être une chatte.,SEXISM
218,On sait que tout le monde sait qu'il y a un morceau de fils de pute.,SEXISM
219,On sait que tout le monde sait qu'il y a un fils de pute.,SEXISM
220,Denise putain buffle vendu ventre Islam vous,SEXISM
221,Denise putain de buffle vendu ventre Islam vous,SEXISM
222,Juste des gros laits fdp de footix,SEXISM
223,Juste de gros laits fdp de footballix,SEXISM
224,Gen les font vouloir gros bouffon pour embaucher n veulent supporter pauvre retardé,SEXISM
225,Gen les font vouloir gros bouffon d'embaucher n veulent endurer pauvre retardé,SEXISM
226,J'espère bien mourir lente mort douloureuse bande de grands fils,SEXISM
227,J'espère mourir lent et douloureux gang de grands fils.,SEXISM
228,rt corse catin presse française ensemble devenir maquereau putain macron payé,SEXISM
229,rt corse catin presse française ensemble devenir maquereau putain macron payé,SEXISM
230,push ball argentin avant qu'il soit physique n'importe quel idiot qi a vu,SEXISM
231,Boule de poussée argentine avant qu'il ne soit physique n'importe quel idiot qi vu,SEXISM
232,vasy après le grand jeu de refroidissement,SEXISM
233,vasy après le grand jeu de refroidissement,SEXISM
234,grand Fdp avec délimitation géographique,SEXISM
235,Grand Fdp avec délimitation géographique,SEXISM
236,des bûcherons misérables ont acheté de gros prix vil plus exactement,SEXISM
237,des bûcherons misérables ont acheté les gros prix vil plus précisément,SEXISM
238,grand ðÿ,SEXISM
239,grand ðÿ,SEXISM
240,C'est cette salope.,SEXISM
241,C'est cette salope.,SEXISM
242,chanter prier pa big ntm sale pvte,SEXISM
243,chanter prier pa big ntm sale pvte,SEXISM
244,"Gros con, c'est parce qu'il fait froid les oreilles de la bouche.",SEXISM
245,"Grosse bite, c'est parce que les oreilles de la bouche sont froides.",SEXISM
246,Nique t à mère pute sale,SEXISM
247,La sale pute de mère.,SEXISM
248,c grande sale fait ðÿ,SEXISM
249,c grande sale fait ðÿ,SEXISM
250,buffon espèces devraient déjà préserver les espèces de paye blaireau à la place détruire grand guignol,SEXISM
251,les espèces de buffons devraient déjà préserver les espèces de blaireaux à la place détruire le grand guignol,SEXISM
252,bâtards passants qui encouragent,SEXISM
253,bâtards de passants qui encouragent,SEXISM
254,réel reflet pk sneaker addict plus pour être poilu consonant comme de genre gar ok av,SEXISM
255,réel reflet pk sneaker addict plus pour être poilu consonne comme genre de gar ok av,SEXISM
256,toujours grand trou du cul artiste dévoile,SEXISM
257,toujours grand trou du cul artiste dévoile,SEXISM
258,de vrais pareds de fils de pute,SEXISM
259,"Le vrai fils de pute, c'est des paris.",SEXISM
260,trouve tout utra conne équivalent d'ultra gà cho eelv toujours tweet alors,SEXISM
261,trouver n'importe quel utra conne équivalent d'ultra gà cho eelv toujours tweet alors,SEXISM
262,même dit de libérer gros f boateng,SEXISM
263,même dit de libérer gros f boateng,SEXISM
264,pas grand hashtag maudit,SEXISM
265,pas grand hashtag maudit,SEXISM
266,rt jfhehsusnev son putain sortie projet année 2021 2022,SEXISM
267,rt jfhehsusnev son putain de projet de sortie année 2021 2022,SEXISM
268,ðÿ ðÿ ðÿ ðÿ ðÿ ðÿ ðÿ ðÿ ðÿ ðÿ ðÿ ðÿ ðÿ ðÿ ðÿ ðÿ,SEXISM
269,ðÿ ðÿ ðÿ ðÿ ðÿ ðÿ ðÿ ðÿ ðÿ ðÿ ðÿ ðÿ ðÿ ðÿ ðÿ ðÿ ðÿ ðÿ ðÿ,SEXISM
270,Rt complètement stupide grand 2023 pour avoir genre de discours voir nombre femmes r,SEXISM
271,Rt complètement stupide grand 2023 d'avoir genre de discours voir nombre femmes r,SEXISM
272,hétéro-blanc bourgeois gauche,SEXISM
273,gauche bourgeois hétéro-blanc,SEXISM
274,rt macron c est la peste du choléra depuis qu'il a volé pour ruiner le riet france va plus paris invasion,SEXISM
275,rt macron c est la peste du choléra puisqu'il a volé pour ruiner riet france pariera plus d'invasion,SEXISM
276,Pas parler gros bâtard chemises provençales,SEXISM
277,Ne parle pas de gros bâtard chemises provençales,SEXISM
278,cet enfant svulgar insulte bloque toute suite mdrr band big sons pvte ðÿ ðÿ š ï,SEXISM
279,cet enfant svulgar insulte bloque n'importe quelle suite mdrr band big sounds pvte ðÿ ðÿ š ï,SEXISM
280,Gros porc ignoramus inutile,SEXISM
281,"Gros, sans valeur, cochon d'ignoramus",SEXISM
282,peut faire agressif c est anes y compris pb,SEXISM
283,peut faire agressif c est anes y compris pb,SEXISM
284,cette garce bourgeoise a probablement voté macron n'importe quelle clique privatisante sncf el,SEXISM
285,Cette garce bourgeoise a probablement voté macron n'importe quelle clique privatisante sncf el,SEXISM
286,narration autour de messi lapuce insupportable J'appelle tous renois rebuffés 75 91 92 93 94,SEXISM
287,narration autour de messi lapuce insupportable J'appelle tous renois rebuffés 75 91 92 93 94,SEXISM
288,C'est plus complexe qu'il ait fait migrer volontairement ðÿ comme un gars là-bas,SEXISM
289,C'est plus complexe qu'il n'avait migré volontairement ðÿ comme un gars là-bas.,SEXISM
290,C'est juste stupide.,SEXISM
291,C'est juste stupide.,SEXISM
292,rt deux grandes bannières fdp unie d'un garde,SEXISM
293,rt deux grandes bannières unies fdp d'un garde,SEXISM
294,cerveau détruit idéologie stupide haines,SEXISM
295,Le cerveau détruit l'idéologie stupide haine,SEXISM
296,fera benzema gros cassos,SEXISM
297,sera benzema gros cassos,SEXISM
298,Stupide vampire ðÿ,SEXISM
299,Stupide vampire ðÿ,SEXISM
300,ðÿ ðÿ ðÿ ðÿ ðÿ ðÿ ðÿ ðÿ ðÿ ðÿ ðÿ ðÿ ðÿ ðÿ ðÿ ðÿ,SEXISM
301,ðÿ ðÿ ðÿ ðÿ ðÿ ðÿ ðÿ ðÿ ðÿ ðÿ ðÿ ðÿ ðÿ ðÿ ðÿ ðÿ ðÿ ðÿ ðÿ,SEXISM
302,Non ce que la grosse bite doit vraiment aller chercher l'argumentation genre de prendre le relais,SEXISM
303,Non ce que la grosse bite doit vraiment aller à la recherche d'arguments comme prendre le relais,SEXISM
304,mère de pute sodomisée voir,SEXISM
305,Mère d'une pute sodomisée voir,SEXISM
306,vous êtes un connaisseur tout cohérent,SEXISM
307,vous êtes un connaisseur cohérent,SEXISM
308,fils pute doit vivre 9e paris aucune idée de ce qui est fin,SEXISM
309,fils pute doit vivre 9e paris aucune idée de ce qui va bien,SEXISM
310,Savoir courir de gros soldats canapé cans soda,SEXISM
311,Savoir courir de gros soldats canapé cans soda,SEXISM
312,Grosse bite doit lire comment la merde soumise,SEXISM
313,Grosse bite doit lire comment la merde soumise,SEXISM
314,fils pute inshallah mère tombe ruisseau,SEXISM
315,fils pute inshallah mère tombe ruisseau,SEXISM
316,mdr doit être mère pute surtout,SEXISM
317,mdr doit être mère pute en particulier,SEXISM
318,france gagne aujourd'hui une pute argentine,SEXISM
319,france gagne aujourd'hui une pute argentine,SEXISM
320,Qu'est-ce que la menteuse dit?,SEXISM
321,Qu'est-ce que le menteur dit?,SEXISM
322,Rt le dimanche gang fils pute,SEXISM
323,Rt dimanche gang fils pute,SEXISM
324,ahahahahahahahwlh grand genre fdp poin jaitous possible,SEXISM
325,ahahahahahahwlh grand genre fdp poin jaitous possible,SEXISM
326,vous devez avoir un enfant pvte ne saura rien f,SEXISM
327,vous devez avoir un enfant pvte ne saura rien f,SEXISM
328,rt c est toujours grand naz gaucho énervé de la tradition mondiale existe,SEXISM
329,rt c est encore grand naz gaucho en colère contre la tradition mondiale existe,SEXISM
330,rt ceux qui veulent voir messi gagner la coupe du monde pay france c est plus grands fils putes ðÿ ðÿ 1⁄2 c est,SEXISM
331,rt ceux qui veulent voir Messi gagner la coupe du monde pay france c est les plus grands fils putes ðÿ ðÿ 1⁄2 c est,SEXISM
332,cowboy bebop c est bien donner avis comment there che grand inch l air comme natouf,SEXISM
333,cowboy bebop c est bien donner un avis comment il ya grand pouce l air comme natouf,SEXISM
334,boug donne consciemment thune fils pute utilisera cette thune continuer à diffuser h,SEXISM
335,boug donne consciemment votre fils pute utilisera cet argent continuer à diffuser h,SEXISM
336,C'est de la mauvaise foi d'une pute de fils.,SEXISM
337,C'est de la mauvaise foi d'un fils de pute.,SEXISM
338,savoir déjà rat de ma ville je sais mieux que le rat de votre verra bouche sale Arabe màam,SEXISM
339,savoir déjà rat de ma ville je sais mieux que le rat de votre verra bouche sale Arabe màam,SEXISM
340,Quelle putain de fils énorme que je ne vois pas la face,SEXISM
341,Quel putain de fils que je ne vois pas le visage,SEXISM
342,donner la force vrm à un abruti,SEXISM
343,donner de la force vrm à un idiot,SEXISM
344,Gros cafard est resté mois ronfler comme grand porc chambre fille a peta chose,SEXISM
345,Gros cafard est resté mois ronflement que gros porc fille chambre a peta chose,SEXISM
346,Jamais ce ne sont que de grands dégénérés de l'extrême,SEXISM
347,Ils ne sont jamais que de grands dégénérés de l'extrême.,SEXISM
348,"Quand tu dois juste fermer ta grande bouche stupide, tu sais?",SEXISM
349,"Quand tu dois juste fermer ta stupide grande gueule, tu sais?",SEXISM
350,de permettre à un fils de nid élevé de se prostituer quand même,SEXISM
351,permettre à un fils d'un nid élevé de se prostituer de toute façon,SEXISM
352,Rt vraiment rave démonté visage papacito fils putain race traître ouvre bouche parler rac,SEXISM
353,Rt vraiment rave démonté visage papacito fils putain de race traître ouvre bouche parler rac,SEXISM
354,Grande fedp raciste à voir bientôt,SEXISM
355,Grande fedp raciste à voir bientôt,SEXISM
356,"Ouais, eh bien, ça a beaucoup à voir avec P. d'attardé.",SEXISM
357,Ça a beaucoup à voir avec P de l'attaché.,SEXISM
358,toates toujours grand noir pas de changement physique,SEXISM
359,toates toujours grand noir pas de changement physique,SEXISM
360,pauvre dinde si les milices parlées éco-bobos attaquent les gauchistes,SEXISM
361,pauvre dinde si les milices éco-bobos-parles attaquent les gauchistes,SEXISM
362,distribué par un gars stupide préfère traître na,SEXISM
363,distribué par un gars stupide préfère traître na,SEXISM
364,Espérons que le crétin lautaro martinez touchera hehe,SEXISM
365,Espérons que le crétin lautaro martinez touche Hehe,SEXISM
366,Allumez la pute de mère,SEXISM
367,Allumez la pute de Mère,SEXISM
368,Gros idiot gros peut être limité comme ça,SEXISM
369,Gros gros idiot peut être limité comme ça,SEXISM
370,Pitoyable crétin essayant de voir le racisme partout c'est gen idiots comm,SEXISM
371,Bizarre idiot essayant de voir le racisme partout c'est gen idiots comm,SEXISM
372,L'islamo gauchisme,SEXISM
373,Islamo Gauchisme,SEXISM
374,lefrançois troll putain système,SEXISM
375,lefrançois troll système de baise,SEXISM
376,parle argentin à un fils pute à la maison,SEXISM
377,parle argentin à un fils pute à la maison,SEXISM
378,gros bec papy fucault,SEXISM
379,Gros bec papy fucault,SEXISM
380,tweet totalement aberrant canal normal null pass,SEXISM
381,tweet totalement aberrant canal normal null pass,SEXISM
382,C'est un grand raciste.,SEXISM
383,C'est un grand raciste.,SEXISM
384,L'Argentine paie ce qu'après le réfugié de guerre nazi ðÿ,SEXISM
385,L'Argentine paie ce qu'après le réfugié de guerre nazi ðÿ,SEXISM
386,comme lorsqu'ils abordent le sujet des urgencenistes grand zéro réduire l'esclavage les jeunes pourraient là-bas,SEXISM
387,comme quand ils abordent le sujet des urgencenistes grand zéro réduire l'esclavage les jeunes pourraient là,SEXISM
388,Il y a beaucoup de trucs qui se passent.,SEXISM
389,Il y a beaucoup de choses qui se passent.,SEXISM
390,rt bravo eric revel remet les terribles gauchistes big dray l horrible zeribi tellement,SEXISM
391,rt bravo eric revel rend les terribles gauchistes big dray l horrible zeribi tellement,SEXISM
392,m voir bâtard ðÿ ðÿ ðÿ ðÿ,SEXISM
393,m voir bâtard ðÿ ðÿ ðÿ ðÿ,SEXISM
394,J'aime que ce soit une grosse merde qui ne quitte jamais maman toute l'année à Iep cl,SEXISM
395,J'aime que ce soit une grosse merde qui ne quitte jamais maman toute l'année à Iep cl,SEXISM
396,prendre l'arbre de Noël incrédule il montre bon niveau fanatique retardé,SEXISM
397,prendre l'arbre de Noël incroyant il montre un bon niveau fanatique retardé,SEXISM
398,benzema a conseillé de taper les gens mdr comment nous voulons prendre stupide,SEXISM
399,Benzema a conseillé de taper des gens mdr comment nous voulons prendre stupide,SEXISM
400,tout cela de jvois tweet trouve 100 gros svceur,SEXISM
401,tout cela de jvois tweet trouve 100 gros svceur,SEXISM
402,tt tyrone pk a chaque foi ke jvien à daron jamai g tit o boutique fils pute,SEXISM
403,tt tyrone pk a chaque foi ke jvien à daron jamai g tit o boutique fils pute,SEXISM
404,grand sabot badella aussi ridicules débats de stylo d entre 2 tours,SEXISM
405,grand sabot badella aussi ridicules débats de stylo d entre 2 tours,SEXISM
406,rt cette pute ruiné adolescent farid el poilu inventant viol par couverture arabe inceste,SEXISM
407,rt cette pute ruinée adolescent farid el poilu inventant le viol par inceste couverture arabe,SEXISM
408,super amie queen maîtresse la sale tapax raciste camot pourquoi,SEXISM
409,super amie reine maîtresse la sale tapax raciste camot pourquoi,SEXISM
410,gen messi finale màame était l'espagne 2010 gros suceur pèse mot,SEXISM
411,gen messi finale màame était l'espagne 2010 gros suceur pèse mot,SEXISM
412,si grand Français na preuve sans immigration pas de merde ðÿ ðÿ,SEXISM
413,si grande preuve de naissance française sans immigration pas de merde ðÿ ðÿ,SEXISM
414,Il ya des suceurs messi compagnie sucer aussi fils pute,SEXISM
415,Il ya des suceurs messi compagnie sucer aussi fils pute,SEXISM
416,Christmas peace lord dit que Fat va baiser M. jacquemain o œ œ œ œ œ œ œ œ œ œ œ œ œ œ œ œ œ œ œ œ œ œ œ œ œ œ œ œ œ œ œ œ œ œ œ œ œ œ œ œ œ œ œ œ œ œ œ œ œ œ œ,SEXISM
417,o o o o o o o o o o o o o o o o o o o o o o o o o o o o o o o o o o o o o o o o o o o o o o o o o o o o o o o o o o o o o o o o o o o o o o o o o o o o o o o o o o o o o o o o o o o o o o o o o o o o o o o o o o o o o o o o o o o o o o o o o o o o o o o o o o o o o o o o o o o o o o o o o o o o o o o o o o o o o o o o o o o o o o o o o o o o o o o o o o o o o o o o o o o o o o o o o o o o o o o o o o o o o o o o o o o o o o o o o o o o o o o o o o o o o o o o o o o o o o o o o o o o o o o o o o,SEXISM
418,gros à tout moment Schtroumpf,SEXISM
419,gros à tout moment Schtroumpf,SEXISM
420,Rien en commun entre poster blàlons le vieux monde tweet vous allez blà l'enfer co,SEXISM
421,Rien en commun entre poster blàlons le vieux monde tweet vous allez enfer co,SEXISM
422,Il y a un gros problème.,SEXISM
423,Il y a un gros problème.,SEXISM
424,Si vous français l Argentinian parce que vous messi avec bon gros gros fdp,SEXISM
425,Si vous Français l Argentinian parce que vous messi avec bon gros gros fdp,SEXISM
426,Ben sujet c'est ipa c'edt gros suceur aller voler des emplois médecins tuer,SEXISM
427,Ben sujet c'est Ipa c'est gros suceur aller voler des emplois médecins tuer,SEXISM
428,Ça lui donne envie d'être un gros trou du cul égoïste tellement meilleur endroit,SEXISM
429,Ça lui donne envie d'être un gros trou du cul égoïste tellement meilleur endroit,SEXISM
430,bz grande,SEXISM
431,bz grande,SEXISM
432,Sans merde et tes putains de retraites sont un gros sac de merde,SEXISM
433,Sans merde et tes putains de retraites sont un gros sac de merde.,SEXISM
434,harit passe gwendoline cette grosse pute ne sert jamais rien,SEXISM
435,harit passe gwendoline que la grosse pute ne sert jamais rien,SEXISM
436,Raciste idiot vraiment stupide trou du cul danois,SEXISM
437,"Stupide, stupide, râle au cul danois",SEXISM
438,si grand troll parce que pseudo contient le nom musulman,SEXISM
439,si grand troll parce que pseudo contient le nom musulman,SEXISM
440,"Cachez-vous vieux, grand raciste tàate là-bas",SEXISM
441,"Cachez-vous vieux, grand raciste tàate là-bas",SEXISM
442,fils pute,SEXISM
443,fils pute,SEXISM
444,d'avoir dû être un gros con vous a menti la vie de mère,SEXISM
445,Ça a dû être un gros con qui t'a menti à propos de la vie de ma mère.,SEXISM
446,en raison d'un retard raciste,SEXISM
447,en raison d'un retard raciste,SEXISM
448,un gros crétin raciste aussi,SEXISM
449,Un gros crétin raciste aussi.,SEXISM
450,espèce grand fils pute t e née france prendre catalane wallah avec fatter che,SEXISM
451,espèce grand fils pute t e née france prendre catalane wallah avec fatter che,SEXISM
452,Ptn t e bon grand pdp ne parlent pas trop,SEXISM
453,Ptn t e bon grand pdp ne parlent pas trop,SEXISM
454,aussi mauvais que les couilles parle bien fils senegal pute,SEXISM
455,aussi mauvais que les couilles parlent bien fils pute senegale,SEXISM
456,rt ptdrr gen commentant les facteurs d'influence sur la vie avec des déchets plus importants,SEXISM
457,rt ptdrr gen commentant les facteurs influençant la vie avec des déchets plus élevés,SEXISM
458,désabonnement compte fdp bandeur fitna entre Maroc Algérie photo date 2018 befoo,SEXISM
459,désabonnement compte fdp bandeur fitna entre Maroc Algérie photo date 2018 befoo,SEXISM
460,♪ Il y a un grand nain haut ♪,SEXISM
461,♪ Il y a un grand nain haut ♪,SEXISM
462,"La demande passe, vous savez, en liquide.",SEXISM
463,"La demande passe, vous savez, en liquide.",SEXISM
464,C'est la mère jnun là-bas grosse pute trouve o repos après la mort,SEXISM
465,C'est la mère de Jnun là-bas que la grosse pute trouve le repos après la mort.,SEXISM
466,bon vieux gras soupe pleine une tendance pedo doit éclater le rire moral ðÿ o,SEXISM
467,bonne vieille soupe grasse pleine d'un pedo tendance doit éclater le rire moral ðÿ o,SEXISM
468,"J'ai même pris l'école d'espagnol, j'ai compris que c'était un gros raciste, putain.",SEXISM
469,"J'ai même pris l'école d'espagnol, j'ai réalisé que c'était un grand raciste.",SEXISM
470,Cet Asselineau veut dire bien que c'est s'il faisait un connard de françai,SEXISM
471,Cet Asselineau veut dire que c'est s'il fait un connard de françai.,SEXISM
472,fils pute j'ai regardé la vidéo à nouveau,SEXISM
473,fils pute j'ai regardé la vidéo à nouveau,SEXISM
474,c'est conesse voit la fin de la prière,SEXISM
475,C'est une consolation qui voit la fin de la prière.,SEXISM
476,Gros canard tous morts,SEXISM
477,Gros canard tous morts,SEXISM
478,rt c est devenu de gros suceurs de bites je rage trop tellement fan pupette juste fou mentalement y u,SEXISM
479,rt c est devenu gros suceurs de bites je rage trop fan pupette juste fou mentalement y u,SEXISM
480,Qu'est-ce qu'il raconte?,SEXISM
481,De quoi parle-t-il?,SEXISM
482,Grand père fils pute gàanant,SEXISM
483,Grand-père fils pute gàanant,SEXISM
484,fait c est particulièrement grand con hypocrite joue soutien,SEXISM
485,fait c est particulièrement grand con hypocrite joue soutien,SEXISM
486,oh grand rat peut payer la villa de chien,SEXISM
487,Oh grand rat peut payer la villa de chien,SEXISM
488,"Je vais faire une pause, je vais devoir appeler la salle d'urgence.",SEXISM
489,"Je vais faire une pause, je vais devoir appeler les urgences.",SEXISM
490,problème c'est grand l'avion,SEXISM
491,problème c'est grand l'avion,SEXISM
492,Maes parle chinois bien regarder la goutte vers le bas suce grande merde comme ma cause,SEXISM
493,Maes parle chinois bien regarder la goutte d'eau suce la grande merde comme ma cause,SEXISM
494,rt potment garde corps qatar coupe du monde calvitie tory gros cul megan divertirs,SEXISM
495,rt potment bodyguard qatar coupe du monde calvitie tory gros cul méga artistes,SEXISM
496,Qu'est-ce qu'un gros trou du cul incroyable,SEXISM
497,Qu'est-ce qu'un gros trou du cul?,SEXISM
498,vraiment ràave démonter visage papacito fils putain race traître ouvre bouche à bouche talkan,SEXISM
499,vraiment rave démonté visage papacito fils putain de race traître ouvre bouche à bouche talkan,SEXISM
500,hahahaha màšme était trop grand chien mort,SEXISM
501,hahahaha màšme était trop grand chien mort,SEXISM
502,"C'est un gros pédophile, j'ai l'impression qu'on joue au papa.",SEXISM
503,"C'est un grand pédophile, j'ai l'impression qu'on joue au papa.",SEXISM
504,big y plucs know valo c est le jeu vidéo trou du cul ðÿ ðÿ ðÿ ðÿ,SEXISM
505,big y pleats know valo c est le jeu vidéo trou du cul ðÿ ðÿ ðÿ ðÿ ðÿ,SEXISM
506,J'ai payé la fac pour rien.,SEXISM
507,J'ai payé la fac pour rien.,SEXISM
508,Drake doit aller en prison fils pute,SEXISM
509,Drake doit aller en prison fils pute,SEXISM
510,"C'est un gros pédophile, j'ai l'impression qu'on joue.",SEXISM
511,"C'est un grand pédophile, j'ai l'impression qu'on joue.",SEXISM
512,dehors les statistiques trou du cul fils pute,SEXISM
513,dehors stats trou du cul fils pute,SEXISM
514,Va baiser métro oh petite pute va vendre barette porte,SEXISM
515,Va baiser le métro oh petite pute va vendre la porte de la barette,SEXISM
516,ptdrrrrrrr vtf grand,SEXISM
517,ptdrrrrrrr vtf grand,SEXISM
518,Stupide est celui qui pense qu'il va là-bas pour soutenir,SEXISM
519,Stupide est celui qui pense qu'il va là-bas pour soutenir,SEXISM
520,Gros bâtard inhumain ordure complice crime,SEXISM
521,Gros bâtard inhumain qui est complice du crime,SEXISM
522,C'est un crétin très dangereux.,SEXISM
523,C'est un abruti très dangereux.,SEXISM
524,achète plutôt gros pull aller vous donner cette putain de console baise,SEXISM
525,achète assez gros pull aller vous donner cette putain de console baise,SEXISM
526,Il semble également que des activistes sans fondement harcelent des gens d'accord,SEXISM
527,Il semble également que des militants sans fondement harcelent des gens qui sont d'accord,SEXISM
528,t a une capacité extraordinaire d'incohérence avec les pauvres bâtards morts,SEXISM
529,t a une capacité extraordinaire d'incohérence avec les pauvres bâtards morts,SEXISM
530,attention putain définition plus vulgaire selon wikipedia personne besoin pathétique,SEXISM
531,Attention putain de définition plus vulgaire selon wikipedia personne besoin pathétique,SEXISM
532,rt l'Argentinian ce sera une grande piste alain giress ancien footballeur l'équipe france doha support,SEXISM
533,rt l'Argentinian ce sera une grande piste alain giress ancien footballeur l'équipe france doha soutien,SEXISM
534,C'est une bonne chose que n'importe quelle france soit aussi bonne que n'importe quelle autre france.,SEXISM
535,C'est une bonne chose que n'importe quelle france soit aussi bonne que n'importe quelle autre france.,SEXISM
536,"Euh, quel genre de monde sombre vas-tu marcher 93 aller",SEXISM
537,"Euh, quel genre de monde sombre allez-vous marcher 93 aller",SEXISM
538,Infà moi fils pute écrase sœur raciste sale,SEXISM
539,Infà moi fils pute écrase sœur raciste sale,SEXISM
540,Ça fait penser à un fils de pute.,SEXISM
541,On dirait un fils de pute.,SEXISM
542,rt 3ème étoile rien baise les gros suceurs argentins,SEXISM
543,rt 3ème étoile baise rien les gros suceurs argentins,SEXISM
544,"D'accord, espèce de sale pute doit être laid.",SEXISM
545,"Très bien, fils de pute doit être moche.",SEXISM
546,Le grand pigeon de l'Europe cette histoire comme si l'Europe était polluante,SEXISM
547,Le grand pigeon de l'Europe cette histoire comme si l'Europe était polluante,SEXISM
548,6 mois mari il sera 4 ans peut se déplacer plus correctement soutien-gorge,SEXISM
549,6 mois mari il sera 4 ans peut se déplacer plus correctement soutien-gorge,SEXISM
550,Une fois toutes les 3h,SEXISM
551,Une fois toutes les 3 heures,SEXISM
552,wow merde grands fils putes pocave rapport afk joug d'hiver mourir,SEXISM
553,wow merde grands fils putains pocave rap afk joug d'hiver mourir,SEXISM
554,Quand vous obtenez de signaler gros fils pute t a debuff tip 1m besoin d'embauche da,SEXISM
555,Quand vous arrivez à rapporter gros fils pute t a debuff tip 1m besoin d'embauche da,SEXISM
556,rt si trois ballons d'or français refusent d aster une finale jeu salaire c est qu'il a vraiment un gros problème,SEXISM
557,rt si trois ballons d'or français refusent d'aster un dernier jeu de salaire est qu'il a vraiment un gros problème,SEXISM
558,rt à gros gras malade vraiment je ressens une haine profonde contre tous les gen veulent améliorer si,SEXISM
559,rt à gros gras malade vraiment je ressens une haine profonde contre tous les gens veulent améliorer si,SEXISM
560,C'est un gros cul malin.,SEXISM
561,C'est un gros cul intelligent.,SEXISM
562,les autorités disent qu'il n'y a pas de microbe mensonge ðÿ,SEXISM
563,les autorités disent qu'il n'y a pas de microbe mensonge ðÿ,SEXISM
564,Dit les nanas si n est des grands fils putes,SEXISM
565,Dit des nanas si n est de grands fils putes,SEXISM
566,l intelligentia français màame européen c'est idiot c'est donc,SEXISM
567,I intelligentia français même européen c'est stupide donc c'est,SEXISM
568,Petit crétin jouer 42 min pauvre jeu de saison régulière juste histoire noire,SEXISM
569,Petit crétin jouant 42 min pauvre jeu de saison régulière juste histoire noire,SEXISM
570,rt devenir un migrant dans l'État ðÿ œ vous pouvez vivre chà teau ðÿ 1,SEXISM
571,pour devenir un migrant dans l'état ðÿ o vous pouvez vivre ðÿ 1,SEXISM
572,rt thread plus grand réseau se trouve,SEXISM
573,rt thread plus grand réseau est situé,SEXISM
574,Grosse pute de fils court-circuité,SEXISM
575,Gros fils court-circuité pute,SEXISM
576,Je n'ai rien dit s'il a mis post uen final l euro 2016 sale fils pute,SEXISM
577,Je n'ai rien dit s'il a mis post uen final l euro 2016 sale fils pute,SEXISM
578,Rt parle même espagnol J'ai fait allemand y compris fils pute,SEXISM
579,Rt parle même espagnol J'ai fait allemand y compris fils pute,SEXISM
580,Espérons qu'il t'allume la pute de grand-mère,SEXISM
581,Espérons qu'il allume la pute de grand-mère.,SEXISM
582,Ali sait que ça va lui plaire.,SEXISM
583,Ali sait qu'elle aimera ça.,SEXISM
584,"C'est gros ptn j gras, gros cochon comme ça",SEXISM
585,"C'est gros, gros cochon comme ça.",SEXISM
586,ðÿ ðÿ ðÿ ðÿ ðÿ ðÿ ðÿ ðÿ personne de service,SEXISM
587,ðÿ ðÿ ðÿ ðÿ ðÿ ðÿ ðÿ ðÿ ðÿ ðÿ personne de service,SEXISM
588,C'est une erreur de faire une pute.,SEXISM
589,C'est une erreur d'être une pute.,SEXISM
590,macron pauvre débile pense intelligent,SEXISM
591,macron pauvre stupide intelligent penser,SEXISM
592,Le grand pigeon de l'Europe cette histoire comme si l'Europe était polluante,SEXISM
593,Le grand pigeon de l'Europe cette histoire comme si l'Europe était polluante,SEXISM
594,Briser la pute,SEXISM
595,Briser la pute,SEXISM
596,Je nous baise cette salope a dézingué le code du travail a modifié le rapport,SEXISM
597,Je baise avec cette salope qui a dézingué le code du travail a changé le rapport.,SEXISM
598,Quelle pute!,SEXISM
599,Quelle pute!,SEXISM
600,Elon musk grand psychopathe fou,SEXISM
601,Elon musk grand psychopathe fou,SEXISM
602,recommande d'augmenter les pollueurs-payeurs manifeste même occasion al,SEXISM
603,recommande d'augmenter le taux de pollueur-payeur en même temps,SEXISM
604,payer un gros bâtard,SEXISM
605,payer un gros bâtard,SEXISM
606,Il n'y a pas de sales gens complices.,SEXISM
607,Il n'y a pas de gens sales qui soient complices.,SEXISM
608,toates gros malade vraiment je ressens une profonde haine contre tous les gen veulent amio,SEXISM
609,je sens une haine profonde contre tous les gens veulent ami,SEXISM
610,rt laurent blanc platini ah par arabe donc c'est sérieux fils pute,SEXISM
611,Rt laurent blanc platini ah par arabe donc c'est sérieux fils pute,SEXISM
612,Si son fils est une pute,SEXISM
613,Si son fils est une pute,SEXISM
614,Population résultant d'une rémunération non occidentale sur les incivilités représentées comme une menace harcelée,SEXISM
615,Population résultant de rémunérations non occidentales sur les incivilités représentées comme une menace harcelée,SEXISM
616,fils pute,SEXISM
617,fils pute,SEXISM
618,C'est pas vrai.,SEXISM
619,"Oh, mon Dieu.",SEXISM
620,Je veux baiser maman cette grosse merde de pute.,SEXISM
621,Je veux baiser maman cette grosse merde de pute.,SEXISM
622,après l'interdiction le manque de respect quelqu'un propre dit tg fils pute même,SEXISM
623,après l'interdiction le manque de respect quelqu'un a dit tg fils pute même,SEXISM
624,nuit juste avant de foràats solitude champ coton combat chiens nègres amertumes,SEXISM
625,nuit juste avant la solitude champ coton combat chiens nègres amertumes,SEXISM
626,ptdr t e big footix ðÿ ðÿ when c is brasil c is Brazilian flags mtn Argentin ðÿ ðÿ ptdrrr va se faire foutre,SEXISM
627,ptdr t e big footix ðÿ ðÿ when c is brasil c is Brazilian flags mtn Argentin ðÿ ðÿ ptdrrr va baiser,SEXISM
628,Tous les grands misogynes racistes ont vu aya concert damso mà rire baise,SEXISM
629,Tous les grands misogynistes racistes ont vu aya concert damso mà rire baise,SEXISM
630,"Ok, gros bouffon.",SEXISM
631,"Très bien, gros bouffon.",SEXISM
632,lever 8:30 a.m. dimanche faire gérer monture meubles ba cunt favorite,SEXISM
633,lever 8:30 a.m. dimanche faire gérer les meubles monture ba cunt favorite,SEXISM
634,Je suis un abruti.,SEXISM
635,Je suis un abruti.,SEXISM
636,rt j am attached t e renoi t e Musulman pry préfère à dealer pitié gère la musique nous,SEXISM
637,rt j am attached t e renoi t e Musulman pry préfère à dealer pitié gère la musique nous,SEXISM
638,"Eh bien, j'espère que la france gagnera contre les grands racistes",SEXISM
639,J'espère que la france gagnera contre les grands racistes.,SEXISM
640,rt ðÿ call event all territoire 18 décembre 2022 occasion internationale jour migr,SEXISM
641,rt ðÿ call event all territoire 18 décembre 2022 Journée internationale d'occasion migr,SEXISM
642,100 gros 24 choix malade stress fatigue métabolisme tout reste baleine,SEXISM
643,100 gros 24 choix maladie stress fatigue métabolisme tout reste baleine,SEXISM
644,Le harcèlement de fichiers La réalité de la télé en a assez parlé martika,SEXISM
645,Le harcèlement des fichiers La réalité de la télévision a assez parlé de martika,SEXISM
646,rt mieux rire il est si grand france nfo c est ce qui est déjà ðÿ ðÿ ðÿ,SEXISM
647,rt mieux rire il est si grand france nfo c est ce qui est déjà ðÿ ðÿ ðÿ,SEXISM
648,rt j am attached t e renoi t e Musulman pry préfère à dealer pitié gère la musique nous,SEXISM
649,rt j am attached t e renoi t e Musulman pry préfère à dealer pitié gère la musique nous,SEXISM
650,La femme 2022 est une abruti sans aucun gàane quand est ce que nous pouvons,SEXISM
651,La femme 2022 est une abruti sans aucun gàane quand est ce que nous pouvons,SEXISM
652,donc n est frappé à nouveau quelque chose d'autre pense vieille pute heureuse ðÿ ðÿ ðÿ,SEXISM
653,donc n est frappé à nouveau quelque chose d'autre pense vieille pute heureuse ðÿ ðÿ ðÿ,SEXISM
654,personnel je dis renoi rebeu j'espère que je n'insulte personne disant que j'aurais du soum,SEXISM
655,personnel je dis renoi rebeu j'espère que je n'insulte personne disant que j'aurais une somme,SEXISM
656,puis à nouveau accuser manspalining harcèlement masculin veulent si elle ch,SEXISM
657,puis à nouveau accuser manspalining harcèlement masculin veulent si elle,SEXISM
658,rt j am attached t e renoi t e Musulman pry préfère à dealer pitié gère la musique nous,SEXISM
659,rt j am attached t e renoi t e Musulman pry préfère à dealer pitié gère la musique nous,SEXISM
660,J'ai horreur de l'idiot n'est rien à dire x,SEXISM
661,Je déteste l'idiot n'est rien à dire x,SEXISM
662,rt met des objets renoi,SEXISM
663,rt met des objets renoi,SEXISM
664,Il s'agit d'un Français qui se soucie de soutenir le raciste argentin Messi appelé notamment drenthe,SEXISM
665,C'est un Français qui se soucie de soutenir le raciste argentin Messi appelé notamment drenthe,SEXISM
666,rt bravo eric revel remet les terribles gauchistes big dray l horrible zeribi tellement,SEXISM
667,rt bravo eric revel rend les terribles gauchistes big dray l horrible zeribi tellement,SEXISM
668,"J'ai compris, mais le grand anime doit aller dans des boîtes de nuit qui sont des trucs de haram après ça encore une fois",SEXISM
669,"J'ai compris, mais le grand anime doit aller dans des boîtes de nuit qui sont des trucs de haram après ça encore une fois.",SEXISM
670,rt j am attached t e renoi t e Musulman pry préfère à dealer pitié gère la musique nous,SEXISM
671,rt j am attached t e renoi t e Musulman pry préfère à dealer pitié gère la musique nous,SEXISM
672,rt actionnaires grand homme costume renuitant fumer cigare 75 sharen,SEXISM
673,rt actionnaires grand homme costume retour fumer cigare 75 sharen,SEXISM
674,rt j am attached t e renoi t e Musulman pry préfère à dealer pitié gère la musique nous,SEXISM
675,rt j am attached t e renoi t e Musulman pry préfère à dealer pitié gère la musique nous,SEXISM
676,Les insultes du sud c est trop draà la grande cave ðÿ ðÿ ðÿ,SEXISM
677,Les insultes du sud sont trop draà la grande cave ðÿ ðÿ ðÿ,SEXISM
678,rt puis flemme part si aucun mâle gros n'a de soutien-gorge gras là-bas ça nous dérange de dormir,SEXISM
679,rt puis flemme part si aucun grand mâle a un soutien-gorge gras là-bas ça nous dérange de dormir,SEXISM
680,Oh tqt j'ai eu la tristesse putain massacre,SEXISM
681,"Oh, mon Dieu, j'ai eu cette putain de tristesse.",SEXISM
682,ðÿ ðÿ ðÿ ðÿ ðÿ ðÿ ðÿ ðÿ ðÿ ðÿ ðÿ ðÿ ðÿ ðÿ ðÿ ðÿ ðÿ ðÿ ðÿ,SEXISM
683,ðÿ ðÿ ðÿ ðÿ ðÿ ðÿ ðÿ ðÿ ðÿ ðÿ ðÿ ðÿ ðÿ ðÿ ðÿ ðÿ ðÿ ðÿ ðÿ ðÿ ðÿ ðÿ ðÿ ðÿ,SEXISM
684,C'est devenu de gros enfoirés que j'ai trop de rage alors fan pupette vient de baiser,SEXISM
685,C'est devenu de grands bâtards que je suis trop en colère alors fan pupette vient d'embrasser,SEXISM
686,Je suis sûr que tu es un pauvre fils de pute.,SEXISM
687,Je suis sûr que tu es un pauvre fils de pute.,SEXISM
688,rt met des objets renoi,SEXISM
689,rt met des objets renoi,SEXISM
690,rt j am attached t e renoi t e Musulman pry préfère à dealer pitié gère la musique nous,SEXISM
691,rt j am attached t e renoi t e Musulman pry préfère à dealer pitié gère la musique nous,SEXISM
692,rt j am attached t e renoi t e Musulman pry préfère à dealer pitié gère la musique nous,SEXISM
693,rt j am attached t e renoi t e Musulman pry préfère à dealer pitié gère la musique nous,SEXISM
694,rt 3ème étoile rien baise les gros suceurs argentins,SEXISM
695,rt 3ème étoile baise rien les gros suceurs argentins,SEXISM
696,rt j am attached t e renoi t e Musulman pry préfère à dealer pitié gère la musique nous,SEXISM
697,rt j am attached t e renoi t e Musulman pry préfère à dealer pitié gère la musique nous,SEXISM
698,un harcèlement exilé continue un plus 1700 expulsion met la vie 3267 tente,SEXISM
699,un harcèlement exilé continue une expulsion plus 1700 apporte la vie 3267 tente,SEXISM
700,Les yeux de Rt sont plus gros ventre,SEXISM
701,Les yeux de Rt sont plus gros ventre,SEXISM
702,si france perd alors deviendra plus grand messi haineux,SEXISM
703,si la france perd alors deviendra plus messi haineux,SEXISM
704,"Ouais, voir si ptite putain messi capable de gagner le monde de la tasse parler encore nuit",SEXISM
705,"Ouais, voir si ptit messi capable de gagner le monde de la tasse parler encore nuit",SEXISM
706,rt 3ème étoile rien baise les gros suceurs argentins,SEXISM
707,rt 3ème étoile baise rien les gros suceurs argentins,SEXISM
708,Dissocier l'auteur de l'œuvre parce que c'est une chose fils pute,SEXISM
709,Dissocier l'auteur de l'œuvre parce que c'est une chose fils pute,SEXISM
710,rt Bill gate prédit une oecontagion catastrophique capable de tuer de jeunes adultes enfants que la porte prépare,SEXISM
711,rt Bill gate prédit une contagion catastrophique capable de tuer les jeunes adultes que la porte prépare,SEXISM
712,C'est une grosse pute de fils.,SEXISM
713,C'est la pute d'un grand fils.,SEXISM
714,La femme 2022 est une abruti sans aucun gàane quand est ce que nous pouvons,SEXISM
715,La femme 2022 est une abruti sans aucun gàane quand est ce que nous pouvons,SEXISM
716,La femme 2022 est une abruti sans aucun gàane quand est ce que nous pouvons,SEXISM
717,La femme 2022 est une abruti sans aucun gàane quand est ce que nous pouvons,SEXISM
718,nique simple débile gary,SEXISM
719,simple salope garce Gary,SEXISM
720,Pourquoi soutenir la france contre l'Algerie Maroc etc.,SEXISM
721,Pourquoi soutenir la France contre l'Algérie Maroc etc.,SEXISM
722,Peut-être est-ce une marce qu'il le genre français d'enfant pute e,SEXISM
723,Peut-être que c'est une marce qu'il est le type français de pute d'enfant.,SEXISM
724,Seulement une pute nazie suivante,SEXISM
725,Une seule pute nazie après,SEXISM
726,Laver les putes sales,SEXISM
727,Laver les putes sales,SEXISM
728,Trop stupide maman n'a rien à faire à court salaire bien fine tt ca,SEXISM
729,Trop stupide maman n'a rien à voir avec le salaire court bien fine tt que,SEXISM
730,Qu'est-ce qu'il va foutre en l'air qu'il reste?,SEXISM
731,Qu'est-ce qu'il va faire?,SEXISM
732,"Le corps féminin, par exemple entre de très grandes citations, ne signifie rien à une femme baise la cisnormativité du corps",SEXISM
733,"Le corps de la femme, par exemple entre de très grandes citations, ne signifie rien à une femme baise la cisnormativité du corps",SEXISM
734,♪ salope sombre ♪,SEXISM
735,♪ salope sombre ♪,SEXISM
736,C'est vraiment un gros chien.,SEXISM
737,C'est vraiment un gros chien.,SEXISM
738,"Quand tu as un gros truc, tu dis ça comme une merde.",SEXISM
739,"Quand tu as une grosse chose, tu dis ça comme de la merde.",SEXISM
740,Joyeux Noël gros fils pute ðÿ,SEXISM
741,Joyeux Noël gros fils pute ðÿ,SEXISM
742,tweet demande donner l'opinion gentil fils sale pute,SEXISM
743,tweet demande donner l'opinion gentil fils sale pute,SEXISM
744,Fils de pute.,SEXISM
745,Fils de pute.,SEXISM
746,rt Bill gate prédit une contagion catastrophique capable de tuer de jeunes adultes des enfants que la porte prépare,SEXISM
747,Bill gate prédit une contagion catastrophique capable de tuer les jeunes adultes des enfants que la porte prépare,SEXISM
748,rt 3ème étoile rien baise les gros suceurs argentins,SEXISM
749,rt 3ème étoile baise rien les gros suceurs argentins,SEXISM
750,fils de pute macron,SEXISM
751,Fils de pute macron,SEXISM
752,m a m a m a m a m a m a m a m a m a m a m a m a m a m a m a m a m a m a m a m a m a m a m a m a m a m a m a m a m a m a m a m a m a m a m a m a m a m a m a m a m a m a m a m a m a m a m a m a m a m a m a m a m a m a m a m a m a m a m a m a m a m a m a m a m a m a m a m a m a m a m a m a m a m a m a m a m a m a m a m a m a m a m a m a m a m a m a m a m a m a m a m a m a m a m a m a m a m a m a m a m a m a m a m a m a m,SEXISM
753,m a m a m a m a m a m a m a m a m a m a m a m a m a m a m a m a m a m a m a m a m a m a m a m a m a m a m a m a m a m a m a m a m a m a m a m a m a m a m a m a m a m a m a m a m a m a m a m a m a m a m a m a m a m a m a m a m a m a m a m a m a m a m a m a m a m a m a m a m a m a m a m a m a m a m a m a m a m a m a m a m a m a m a m a m a m a m a m a m a m a m a m a m a m a m a m a m a m a m a m a m a m a m a m a m a m a m a m a m a m a m a m a m a m a m a m a m a m a m a m a m a m a m a m a m a m,SEXISM
754,Surtout fils de pute otamendi vraiment,SEXISM
755,Surtout fils de pute otamendi vraiment,SEXISM
756,grosse pute,SEXISM
757,grosse pute,SEXISM
758,C'est une vraie vieille salope.,SEXISM
759,C'est une vraie vieille salope.,SEXISM
760,tu dois être egoà ste af màme juste une grosse bite,SEXISM
761,Tu dois être egoà ste af même une grosse bite,SEXISM
762,Quel tweet sérieux pour s'enfler en regardant la merde s'en aller.,SEXISM
763,Quel tweet sérieux pour gonfler en regardant la merde s'en aller.,SEXISM
764,Ouais ouais grande phrase de shoal ðÿ ðÿ,SEXISM
765,Ouais ouais grande phrase de shoal ðÿ ðÿ,SEXISM
766,Rt le dimanche gang fils pute,SEXISM
767,Rt dimanche gang fils pute,SEXISM
768,C'est une mdrrrrr.,SEXISM
769,C'est un mdrrrrrr.,SEXISM
770,rt j fatigué d'être rejeté agréable très agréable lin grande puce que vous voulez autre,SEXISM
771,rt j fatigué d'être rejeté agréable très agréable lin grande puce que vous voulez autre,SEXISM
772,Qu'est-ce que c'est qu'un putain de pd celui-là.,SEXISM
773,Quel putain de pd celui-là.,SEXISM
774,grand poster ftg puant,SEXISM
775,grand poster ftg puant,SEXISM
776,Ah grand,SEXISM
777,Génial.,SEXISM
778,Rt le dimanche gang fils pute,SEXISM
779,Rt dimanche gang fils pute,SEXISM
780,c est comme la mauvaise télévision alimentaire rend malade stupide c est chitðÿ ðÿ ðÿ,SEXISM
781,c est comme la mauvaise alimentation TV rend malade stupide c est chitðÿ ðÿ ðÿ,SEXISM
782,"rt fille gros seins pensent qu'ils peuvent contrôler lol à première droite, mais ðÿ",SEXISM
783,"rt fille gros seins pensent qu'ils peuvent contrôler lol à la première droite, mais ðÿ",SEXISM
784,Couteaux de pute cool suicide,SEXISM
785,Couteaux de pute cool suicide,SEXISM
786,"C'est bien, c'est bien, c'est bien, c'est bien, c'est bien, c'est bien, c'est bien, c'est bien, c'est bien, c'est bien, c'est bien, c'est bien, c'est bien, c'est bien, c'est bien, c'est bien, c'est bien, c'est bien, c'est bien, c'est bien, c'est bien, c'est bien, c'est bien, c'est bien, c'est bien, c'est bien, c'est bien, c'est bien, c'est bien, c'est bien, c'est bien, c'est bien, c'est bien, c'est bien, c'est bien, c'est bien, c'est bien, c'est bien, c'est bien, c'est bien, c'est bien, c'est bien, c'est bien, c'est bien, c'est bien, c'est bien, c'est bien, c'est bien, c'est bien, c'est bien, c'est bien, c'est bien.",SEXISM
787,"C'est bon, c'est bon, c'est bon, c'est bon, c'est bon, c'est bon, c'est bon, c'est bon, c'est bon, c'est bon, c'est bon, c'est bon, c'est bon, c'est bon, c'est bon, c'est bon, c'est bon, c'est bon, c'est bon, c'est bon, c'est bon, c'est bon, c'est bon, c'est bon, c'est bon, c'est bon, c'est bon, c'est bon, c'est bon, c'est bon, c'est bon, c'est bon, c'est bon, c'est bon, c'est bon, c'est bon, c'est bon, c'est bon, c'est bon, c'est bon, c'est bon, c'est bon, c'est bon, c'est bon, c'est bon, c'est bon, c'est bon, c'est bon, c'est bon, c'est bon, c'est bon, c'est bon, c'est bon, c'est bon, c'est bon, c'est bon, c'est bon, c'est bon, c'est bon, c'est",SEXISM
788,le gros phoque pulvérisé a voté que,SEXISM
789,le gros sceau pulvérisé a voté que,SEXISM
790,"Attendez, attendez, attendez, attendez, attendez, attendez, attendez, attendez, attendez, attendez, attendez, attendez, attendez, attendez, attendez, attendez, attendez, attendez, attendez, attendez, attendez, attendez, attendez, attendez.",SEXISM
791,"Attendez, attendez, attendez, attendez, attendez, attendez, attendez, attendez, attendez, attendez, attendez, attendez, attendez, attendez, attendez, attendez, attendez, attendez, attendez, attendez, attendez, attendez, attendez, attendez.",SEXISM
792,parle français parle argentin sale fils pute,SEXISM
793,parle français parle argentin sale fils pute,SEXISM
794,tsais dudu lifte stresse déjà comme le gros porc c est n'importe quoi ðÿ,SEXISM
795,tsais dulifte stresse déjà comme le gros porc c est n'importe quoi ðÿ,SEXISM
796,Pauvre salope.,SEXISM
797,Pauvre salope.,SEXISM
798,Qu'est-ce que c'est que cette merde?,SEXISM
799,Qu'est-ce que c'est que ça?,SEXISM
800,dechavanne vraiment mauvaise personne assez voy,SEXISM
801,Dechavanne vraiment mauvaise personne assez vue,SEXISM
802,rt Bill gate prédit une contagion catastrophique capable de tuer de jeunes adultes des enfants que la porte prépare,SEXISM
803,Bill gate prédit une contagion catastrophique capable de tuer les jeunes adultes des enfants que la porte prépare,SEXISM
804,Wesh même que j'étais putain de commun c'était vraiment un gros pédophile ça t'arrive jsp,SEXISM
805,Wesh même j'étais putain de commun qu'il était un grand pédophile qui t'arrive Jsp,SEXISM
806,Baise qui craint comme disquette ðÿ ðÿ ce qu'une salope laisserait avoir genre de conneries à l'université ðÿ,SEXISM
807,Baise qui craint comme disquette ðÿ ðÿ ce qu'une salope laisserait avoir une sorte de conneries à l'université ðÿ,SEXISM
808,Espèce de salope qui veut bourdonner.,SEXISM
809,Espèce de salope qui veut bourdonner.,SEXISM
810,tusra nique ma mère sale pute m a vnr tieb,SEXISM
811,Tusra nique ma mère sale pute m a vnr tieb,SEXISM
812,tweet moron en particulier mdrrrrrrr,SEXISM
813,tweet moron en particulier mdrrrrrrrrrrr,SEXISM
814,Rt putain de jpe plus sac j'ai aimé trop snap qd c'était pute vrm premium,SEXISM
815,Rt putain de jpe plus sac j'ai aimé trop snap qd c'était pute vrm premium,SEXISM
816,Ok Bahnic grand-mère putain ripto vache Rays deux vie supprime l'île,SEXISM
817,Ok Bahnic Grand-mère putain de ripto vache Rays deux vie supprime l'île,SEXISM
818,Typique stupidité gauche idiots capables de détruire l'héritage de la civilisation,SEXISM
819,Typiquement stupides idiots de gauche capables de détruire l'héritage de la civilisation,SEXISM
820,"Même une vraie pute de fils, c'est de la folie.",SEXISM
821,"Même la pute d'un vrai fils, c'est de la folie.",SEXISM
822,pute poutine exhorte libre france ont remède parce que grave pr,SEXISM
823,pute poutine exhorte libre france ont remède parce que grave pr,SEXISM
824,C est la cause de la pollution de consanguinité qui est ce qu'ils sont nés mal,SEXISM
825,C'est la cause de la pollution de consanguinité qui est ce qu'ils sont nés malades,SEXISM
826,confirme bien français grand con sou réserve,SEXISM
827,confirme bien la grande conservation française,SEXISM
828,rt 3ème étoile rien baise les gros suceurs argentins,SEXISM
829,rt 3ème étoile baise rien les gros suceurs argentins,SEXISM
830,C'est un gros loser.,SEXISM
831,C'est un gros loser.,SEXISM
832,n'ont pas honte de dire plus grand supplément raciste Nazism france type,SEXISM
833,n'ont pas honte de dire un plus grand supplément raciste Nazism france type,SEXISM
834,vraiment grande guerre zelinski poutine deux belles salopes,SEXISM
835,vraiment grande guerre zelinski poutine deux belles salopes,SEXISM
836,rt 3ème étoile rien baise les gros suceurs argentins,SEXISM
837,rt 3ème étoile baise rien les gros suceurs argentins,SEXISM
838,ce que tu vas perdre,SEXISM
839,ce que vous allez perdre,SEXISM
840,fils arrogant pute,SEXISM
841,fils arrogant pute,SEXISM
842,Les gouvernements du monde grand hypocrite quand l'Ue a attaqué tout le monde a réagi même le pape a pleuré,SEXISM
843,Les gouvernements du grand monde hypocrite quand l'Ue a attaqué tout le monde ont réagi même le pape pleuré,SEXISM
844,pire est que ça s'appelle vincent mdrr dit l'autre français,SEXISM
845,pire est que ça s'appelle vincent mdrr dit l'autre français,SEXISM
846,reserved jalous community discut will treat anti-Semitesðÿ ðÿ mode blanc vue dure communauté noire m interress pa interress awla tien a paedophilia ramping at,SEXISM
847,reservé discussion de communauté jalouse traitera anti-Sémitesðÿ ðÿ mode blanc vue dure communauté noire m interress pa interress awla tien une pédophilie rampant à,SEXISM
848,voir la partie c est matcho tabash femmes,SEXISM
849,voir partie c est matcho tabash femmes,SEXISM
850,bien vivant palestine I à tat clown marocain,SEXISM
851,vivant pâletin I à tat clown marocain,SEXISM
852,croire vraiment que les gens peuvent faire ce putain de cerveau pour être Algérien ðÿ,SEXISM
853,vraiment croire que les gens peuvent faire ce putain de cerveau pour être Algérien ðÿ,SEXISM
854,Jaloux algérien ðÿ,SEXISM
855,La jalousie algérienne ðÿ,SEXISM
856,dès que la corruption l'Etat marocain pointe le doigt c est nécessairement le travail des Algériens ðÿ ðÿ encore chekkam Algériens moins n ont peur de dénoncer la corruption l à tat comme là ches lick boots comme vous arrêtez de parler d'algeria quand post concerne Maroc,SEXISM
857,Dès que la corruption l'Etat marocain pointe le doigt c est nécessairement le travail des Algériens ðÿ ðÿ encore chekkam Algériens moins n ont peur de dénoncer la corruption l à tat comme là ches lick boots que vous arrêtez de parler d'algeria quand post concerne le Maroc,SEXISM
858,croire que tous les Marocains 3eyyacha comme ðÿ ðÿ,SEXISM
859,croire que tous les Marocains 3eyyacha comme ðÿ ðÿ,SEXISM
860,simplement parce que dz gay ferme les yeux corruption algérienne,SEXISM
861,juste parce que dz gay ferme les yeux corruption algérienne,SEXISM
862,ah savoir israël chéri ele également détruit est écrit libre mason lettre 33ème degré albert broche plan nouveau monde ordre luciferian golem comme sacrifié ðÿ,SEXISM
863,ah savoir israël chéri ele également détruit est écrit libre mason lettre 33ème degré Albert broche plan nouvel ordre mondial luciférien golem comme sacrifié ðÿ,SEXISM
864,sou ðÿ divisions payer étrangement parler jamais mauvaise algeria juive entre juifs algériens préfère épouser juif x2000 plutôt qu'une Algérienne,SEXISM
865,sou ðÿ les divisions payent étrangement jamais parler mauvaise algeria juive entre juifs algériens préfère épouser juif x2000 plutôt qu'une Algérienne,SEXISM
866,c is sà r c is very Islamic flag ðÿ real clown non informé parler plutôt autruche font monafi9in t e rifain plus quelle honte,SEXISM
867,c is sà r c is very Islamic flag ðÿ real clown non informé parler plutôt autruche font monafi9in t e rifain plus quelle honte,SEXISM
868,Maroc n'a rien fait de palestin juste hypocrisie rares moments où le tat marocain a fait quelque chose qu'il est appelé mu3rada mechriya opposition contre lée bluff bien que Maroc n'est jamais l'histoire opposée à l'état sioniste normal maro alaouite essence sioniste sans mère israël papa usa l au tat marocain comme il corromp aujourd'hui 100 vendu mafia masonnique nwo n existerait,SEXISM
869,Le Maroc n'a rien fait de palestin juste des moments d'hypocrisie rare quand le tat marocain a fait quelque chose qu'il est appelé mu3rada mechriya opposition contre le bluff bien que le Maroc n'est jamais l'histoire opposée à l'état sioniste normal maro alaouite essence sioniste sans mère israël papa usa l au tat marocain comme il corrompt aujourd'hui 100 vendu mafia masonnic nwo n existent,SEXISM
870,fin collabos comme n'ont rien fait cette page retourne lick licks maître sionistes maçons libres bouger d'ici,SEXISM
871,fin collabos comme n'a rien fait cette page retourne lick licks maître sionistes maçons libres bouger d'ici,SEXISM
872,message a créé la réponse algérienne oui besoin d'apprendre lire les commentaires position photo voir seum dérives ðÿ ðÿ ðÿ courte logique Maroc signe Israël tours vus à feuj considérer comme marocain une 100 que gad elmaleh tjrs vécu libre heureux contrairement à feuj d algeria dire jamais Algérien Français d'algeria comme dirait raciste zemmour ðÿ ðÿ ðÿ Les musulmans marocains peuvent adorer palestinien a no squiries maro royaume envoyer bcp d aider l'État palestinien ainsi arrêter mytho merci,SEXISM
873,message créé la réponse algérienne oui besoin d'apprendre à lire les commentaires position photo voir seum dérives ðÿ ðÿ ðÿ courte logique Le Maroc signe les tours d'Israël vues à feuj considérer comme marocaines une 100 que gad elmaleh tjrs vécu libre heureux contrairement à feuj d algeria dire jamais Algérien Français d'algeria comme dirait raciste zemmour ðÿ ðÿ ðÿ Les musulmans marocains peuvent adorer les Palestiniens sans écuries royaume de mari envoyer bcp pour aider l'État palestinien donc arrêtez mytho merci,SEXISM
874,franchement question commentaires gomons peut vraiment faire mieux si logique normaliser israël parce que les juifs marocains considèrent comme un coup d'État marocain c'est que israël pour voir cette histoire entièrement marocaine non seulement l'allégeance va Maroc pas si pk israël J'ai capturé surtout pourquoi normaliser maintenant Juifs marocains existent depuis très longtemps semble n essayer de trouver des excuses quelque chose profondément immoral venant d'un État musulman envoie beaucoup d'aide palestinienne à temp normalise les affaires soutient l'État cause de tous les malheurs palestiniens bon choix est voir c est schizophrénie hypocrisie plus cynique opportunisme doit cesser à temps pour être si malhonnàté,SEXISM
875,franchement questionner commentaires gomons peut vraiment faire mieux si logique normaliser israël parce que les juifs marocains considèrent comme un coup d'État marocain c'est que l'Israël de voir cette histoire entièrement marocaine non seulement l'allégeance va Maroc pas si pk israël J'ai capturé surtout pourquoi maintenant normaliser juifs marocains existent depuis très longtemps semble ne essayer de trouver des excuses quelque chose profondément immoral venant d'un État musulman envoie beaucoup d'aide palestinienne à temp normalise les affaires soutenir la cause de l'État de tous les malheurs palestiniens bon choix est voir c est schizophrénie hypocrisie plus cynique opportunisme doit cesser à temps pour être si malhonnête,SEXISM
876,pas_la789 commentaire a écrit golem réponse oui ca où la page aurait remarqué dénoncer la corruption tout au tat maghreb l au tat marocain drà les défenseurs 3ayyacha à la corruption criminelle tat c est de l'État de corruption dénoncé il est nécessairement le travail d'un Algérien avec des écuries incurables,SEXISM
877,pas_la789 commentaire a écrit golem réponse oui ca où la page aurait remarqué dénoncer la corruption tout au tat maghreb l au tat draà marocain les défenseurs 3ayyacha à la corruption criminelle tat c est de l'état de corruption dénoncé il est nécessairement le travail d'un Algérien avec des écuries incurables,SEXISM
878,clown première classe comme tous les 3eyyacha page supporte pas tat petit lick boots post concern l to tat Marocain dévié sujet l to tat Algérien yal 3eyyachi fait algerie n y petits garçons prostituée rue comme Marrakech ðÿ ni les Saoudiens viennent baiser putains bar donc si vous voulez retourner aux comparaisons de jeu peut aller beaucoup mieux vait firmes clapet ðÿ,SEXISM
879,clown première classe comme tous les 3eyyacha page support pas tat petit lick boots post concern l to tat Marocain dévié sujet l to tat Algérien yal 3eyyachi fait algerie n y petits garçons rue prostituée comme Marrakech ðÿ ni les Saoudiens viennent baise bar donc si vous voulez retourner aux comparaisons de jeu peut aller beaucoup mieux vait cabinets valve ðÿ,SEXISM
880,personne n'a contredit que si aates hors du sujet ce qui est à commenter si n déplace le débat plus pour être féministe implique d'arrêter le voile visage si bon,SEXISM
881,Personne ne contredit seulement si aates hors du sujet ce qui est à commenter si n déplace le débat plus pour être féministe implique d'arrêter le voile de visage si bon,SEXISM
882,oh non il voit juste des appartements quartiers bourgeois peuvent nécessairement voir maintenant nécessairement pour se former intellectuellement si vouloir en discuter plus profondément le message privé,SEXISM
883,oh non il voit juste les appartements bourgeois de quartier peuvent nécessairement voir maintenant nécessairement pour former intellectuellement si vouloir en discuter plus profondément le message privé,SEXISM
884,à moins que l'erreur ne semble républicaine déjà là-bas c'est problème,SEXISM
885,Sauf si l'erreur semble républicaine déjà là-bas c'est un problème,SEXISM
886,bon l important ai les yeux ouverts reste le moyen de prétendre comme le vrai patriote tout simplement français,SEXISM
887,bon les yeux importants ouverts reste la façon de prétendre comme le vrai patriote tout simplement français,SEXISM
888,aigri dos aligner petites affiches tous les murs mignons ðÿ un deux trois vivants l uniðÿ vraies valeurs justes,SEXISM
889,aigri retour aligner petites affiches tous les murs mignons ðÿ un deux trois vivant les valeurs uniðÿ vraies juste,SEXISM
890,"Pardonne-moi, j'ai dû t'apprendre à être un vrai Français.",SEXISM
891,"Pardonnez-moi, j'ai dû vous apprendre à être un vrai Français.",SEXISM
892,Gaulois à gauche m,SEXISM
893,Gaulois à gauche m,SEXISM
894,Gaulois à gauche m,SEXISM
895,Gaulois à gauche m,SEXISM
896,plus Français chaton n haine ayant le sang gaulois ðÿ,SEXISM
897,plus Français chatons n haine avoir Gaulois sang ðÿ,SEXISM
898,Lol grand-père français souche donc venez diva ici militant antifasciste bobo gauchiste,SEXISM
899,Lol français grand-père souche donc venez diva ici antifasciste militant bobo gauchiste,SEXISM
900,tocards toujours plus fort sur internet jeu toujours rien terrain,SEXISM
901,toujours plus fort tocards sur internet jeu toujours rien terrain,SEXISM
902,oui l'uni restera particulièrement grand carriéristes baltringues sucer silence stp,SEXISM
903,oui l'unité restera particulièrement grand carriéristes baltringues sucer le silence s'il vous plaît,SEXISM
904,parler screen copains vidéo salope sur elle quand les comptes leurs demandes,SEXISM
905,parler écran copains vidéo salope à propos d'elle quand les comptes leurs demandes,SEXISM
